Type_Chape,Travees,g,live_load_category,q,L,product_reference,fire_resistance,h
Criteres_Eleves_Chape_Humide,1,1500,A,2000,3.0,5s_120_DL,R60,0.12
Criteres_Eleves_Chape_Humide,1,1500,A,2000,3.5,5s_130_DL,R60,0.13
Criteres_Eleves_Chape_Humide,1,1500,A,2000,4.0,5s_150_DL,R60,0.15
Criteres_Eleves_Chape_Humide,1,1500,A,2000,4.5,5s_170_DL,R90,0.17
Criteres_Eleves_Chape_Humide,1,1500,A,2000,5.0,5s_200_DL,R90,0.2
Criteres_Eleves_Chape_Humide,1,1500,A,2000,5.5,7ss_200_DL,R90,0.2
Criteres_Eleves_Chape_Humide,1,1500,A,2000,6.0,7ss_240_DL,R120,0.24
Criteres_Eleves_Chape_Humide,1,1500,A,2000,6.5,7ss_260_DL,R120,0.26
Criteres_Eleves_Chape_Humide,1,1500,A,2000,7.0,7ss_280_DL,R120,0.28
Criteres_Eleves_Chape_Humide,1,1500,B,3000,3.0,5s_120_DL,R60,0.12
Criteres_Eleves_Chape_Humide,1,1500,B,3000,3.5,5s_140_DL,R60,0.14
Criteres_Eleves_Chape_Humide,1,1500,B,3000,4.0,5s_160_DL,R60,0.16
Criteres_Eleves_Chape_Humide,1,1500,B,3000,4.5,5s_180_DL,R90,0.18
Criteres_Eleves_Chape_Humide,1,1500,B,3000,5.0,7ss_200_DL,R90,0.2
Criteres_Eleves_Chape_Humide,1,1500,B,3000,5.5,7ss_220_DL,R120,0.22
Criteres_Eleves_Chape_Humide,1,1500,B,3000,6.0,7ss_240_DL,R120,0.24
Criteres_Eleves_Chape_Humide,1,1500,B,3000,6.5,7ss_280_DL,R120,0.28
Criteres_Eleves_Chape_Humide,1,1500,B,3000,7.0,8ss_300_DL,R120,0.3
Criteres_Eleves_Chape_Humide,1,1500,C,4000,3.0,5s_130_DL,R60,0.13
Criteres_Eleves_Chape_Humide,1,1500,C,4000,3.5,5s_150_DL,R60,0.15
Criteres_Eleves_Chape_Humide,1,1500,C,4000,4.0,5s_180_DL,R90,0.18
Criteres_Eleves_Chape_Humide,1,1500,C,4000,4.5,7ss_200_DL,R90,0.2
Criteres_Eleves_Chape_Humide,1,1500,C,4000,5.0,7ss_220_DL,R120,0.22
Criteres_Eleves_Chape_Humide,1,1500,C,4000,5.5,7ss_240_DL,R120,0.24
Criteres_Eleves_Chape_Humide,1,1500,C,4000,6.0,7ss_280_DL,R120,0.28
Criteres_Eleves_Chape_Humide,1,1500,C,4000,6.5,8ss_300_DL,R120,0.3
Criteres_Eleves_Chape_Humide,1,1500,C,4000,7.0,,R120,
Criteres_Eleves_Chape_Humide,1,1500,C,5000,3.0,5s_140_DL,R60,0.14
Criteres_Eleves_Chape_Humide,1,1500,C,5000,3.5,5s_160_DL,R60,0.16
Criteres_Eleves_Chape_Humide,1,1500,C,5000,4.0,5s_200_DL,R90,0.2
Criteres_Eleves_Chape_Humide,1,1500,C,5000,4.5,7ss_200_DL,R90,0.2
Criteres_Eleves_Chape_Humide,1,1500,C,5000,5.0,7ss_220_DL,R120,0.22
Criteres_Eleves_Chape_Humide,1,1500,C,5000,5.5,7ss_260_DL,R120,0.26
Criteres_Eleves_Chape_Humide,1,1500,C,5000,6.0,8ss_300_DL,R120,0.3
Criteres_Eleves_Chape_Humide,1,1500,C,5000,6.5,8ss_320_DL,R120,0.32
Criteres_Eleves_Chape_Humide,1,1500,C,5000,7.0,,R120,
Criteres_Eleves_Chape_Humide,1,2000,A,2000,3.0,5s_120_DL,R60,0.12
Criteres_Eleves_Chape_Humide,1,2000,A,2000,3.5,5s_140_DL,R60,0.14
Criteres_Eleves_Chape_Humide,1,2000,A,2000,4.0,5s_160_DL,R60,0.16
Criteres_Eleves_Chape_Humide,1,2000,A,2000,4.5,5s_180_DL,R90,0.18
Criteres_Eleves_Chape_Humide,1,2000,A,2000,5.0,7ss_200_DL,R90,0.2
Criteres_Eleves_Chape_Humide,1,2000,A,2000,5.5,7ss_220_DL,R120,0.22
Criteres_Eleves_Chape_Humide,1,2000,A,2000,6.0,7ss_240_DL,R120,0.24
Criteres_Eleves_Chape_Humide,1,2000,A,2000,6.5,7ss_260_DL,R120,0.26
Criteres_Eleves_Chape_Humide,1,2000,A,2000,7.0,8ss_300_DL,R90,0.3
Criteres_Eleves_Chape_Humide,1,2000,B,3000,3.0,5s_130_DL,R60,0.13
Criteres_Eleves_Chape_Humide,1,2000,B,3000,3.5,5s_150_DL,R60,0.15
Criteres_Eleves_Chape_Humide,1,2000,B,3000,4.0,5s_170_DL,R90,0.17
Criteres_Eleves_Chape_Humide,1,2000,B,3000,4.5,5s_200_DL,R90,0.2
Criteres_Eleves_Chape_Humide,1,2000,B,3000,5.0,7ss_200_DL,R90,0.2
Criteres_Eleves_Chape_Humide,1,2000,B,3000,5.5,7ss_240_DL,R120,0.24
Criteres_Eleves_Chape_Humide,1,2000,B,3000,6.0,7ss_260_DL,R120,0.26
Criteres_Eleves_Chape_Humide,1,2000,B,3000,6.5,8ss_300_DL,R120,0.3
Criteres_Eleves_Chape_Humide,1,2000,B,3000,7.0,8ss_320_DL,R120,0.32
Criteres_Eleves_Chape_Humide,1,2000,C,4000,3.0,5s_140_DL,R60,0.14
Criteres_Eleves_Chape_Humide,1,2000,C,4000,3.5,5s_160_DL,R60,0.16
Criteres_Eleves_Chape_Humide,1,2000,C,4000,4.0,5s_190_DL,R90,0.19
Criteres_Eleves_Chape_Humide,1,2000,C,4000,4.5,7ss_200_DL,R90,0.2
Criteres_Eleves_Chape_Humide,1,2000,C,4000,5.0,7ss_220_DL,R120,0.22
Criteres_Eleves_Chape_Humide,1,2000,C,4000,5.5,7ss_260_DL,R120,0.26
Criteres_Eleves_Chape_Humide,1,2000,C,4000,6.0,7ss_280_DL,R120,0.28
Criteres_Eleves_Chape_Humide,1,2000,C,4000,6.5,8ss_320_DL,R120,0.32
Criteres_Eleves_Chape_Humide,1,2000,C,4000,7.0,,R120,
Criteres_Eleves_Chape_Humide,1,2000,C,5000,3.0,5s_140_DL,R60,0.14
Criteres_Eleves_Chape_Humide,1,2000,C,5000,3.5,5s_170_DL,R90,0.17
Criteres_Eleves_Chape_Humide,1,2000,C,5000,4.0,5s_200_DL,R90,0.2
Criteres_Eleves_Chape_Humide,1,2000,C,5000,4.5,7ss_220_DL,R120,0.22
Criteres_Eleves_Chape_Humide,1,2000,C,5000,5.0,7ss_240_DL,R120,0.24
Criteres_Eleves_Chape_Humide,1,2000,C,5000,5.5,7ss_260_DL,R120,0.26
Criteres_Eleves_Chape_Humide,1,2000,C,5000,6.0,8ss_300_DL,R120,0.3
Criteres_Eleves_Chape_Humide,1,2000,C,5000,6.5,,R120,
Criteres_Eleves_Chape_Humide,1,2000,C,5000,7.0,,R120,
Criteres_Eleves_Chape_Humide,1,2500,A,2000,3.0,5s_130_DL,R60,0.13
Criteres_Eleves_Chape_Humide,1,2500,A,2000,3.5,5s_140_DL,R60,0.14
Criteres_Eleves_Chape_Humide,1,2500,A,2000,4.0,5s_160_DL,R60,0.16
Criteres_Eleves_Chape_Humide,1,2500,A,2000,4.5,5s_190_DL,R90,0.19
Criteres_Eleves_Chape_Humide,1,2500,A,2000,5.0,7ss_200_DL,R90,0.2
Criteres_Eleves_Chape_Humide,1,2500,A,2000,5.5,7ss_220_DL,R120,0.22
Criteres_Eleves_Chape_Humide,1,2500,A,2000,6.0,7ss_260_DL,R120,0.26
Criteres_Eleves_Chape_Humide,1,2500,A,2000,6.5,7ss_280_DL,R120,0.28
Criteres_Eleves_Chape_Humide,1,2500,A,2000,7.0,8ss_300_DL,R120,0.3
Criteres_Eleves_Chape_Humide,1,2500,B,3000,3.0,5s_130_DL,R60,0.13
Criteres_Eleves_Chape_Humide,1,2500,B,3000,3.5,5s_150_DL,R60,0.15
Criteres_Eleves_Chape_Humide,1,2500,B,3000,4.0,5s_180_DL,R90,0.18
Criteres_Eleves_Chape_Humide,1,2500,B,3000,4.5,7ss_200_DL,R90,0.2
Criteres_Eleves_Chape_Humide,1,2500,B,3000,5.0,7ss_220_DL,R120,0.22
Criteres_Eleves_Chape_Humide,1,2500,B,3000,5.5,7ss_240_DL,R120,0.24
Criteres_Eleves_Chape_Humide,1,2500,B,3000,6.0,7ss_280_DL,R120,0.28
Criteres_Eleves_Chape_Humide,1,2500,B,3000,6.5,8ss_300_DL,R120,0.3
Criteres_Eleves_Chape_Humide,1,2500,B,3000,7.0,8ss_320_DL,R120,0.32
Criteres_Eleves_Chape_Humide,1,2500,C,4000,3.0,5s_140_DL,R60,0.14
Criteres_Eleves_Chape_Humide,1,2500,C,4000,3.5,5s_160_DL,R60,0.16
Criteres_Eleves_Chape_Humide,1,2500,C,4000,4.0,5s_200_DL,R90,0.2
Criteres_Eleves_Chape_Humide,1,2500,C,4000,4.5,7ss_220_DL,R120,0.22
Criteres_Eleves_Chape_Humide,1,2500,C,4000,5.0,7ss_240_DL,R120,0.24
Criteres_Eleves_Chape_Humide,1,2500,C,4000,5.5,7ss_260_DL,R120,0.26
Criteres_Eleves_Chape_Humide,1,2500,C,4000,6.0,8ss_300_DL,R120,0.3
Criteres_Eleves_Chape_Humide,1,2500,C,4000,6.5,8ss_320_DL,R120,0.32
Criteres_Eleves_Chape_Humide,1,2500,C,4000,7.0,,R120,
Criteres_Eleves_Chape_Humide,1,2500,C,5000,3.0,5s_150_DL,R60,0.15
Criteres_Eleves_Chape_Humide,1,2500,C,5000,3.5,5s_180_DL,R90,0.18
Criteres_Eleves_Chape_Humide,1,2500,C,5000,4.0,7ss_200_DL,R90,0.2
Criteres_Eleves_Chape_Humide,1,2500,C,5000,4.5,7ss_220_DL,R120,0.22
Criteres_Eleves_Chape_Humide,1,2500,C,5000,5.0,7ss_240_DL,R120,0.24
Criteres_Eleves_Chape_Humide,1,2500,C,5000,5.5,7ss_280_DL,R120,0.28
Criteres_Eleves_Chape_Humide,1,2500,C,5000,6.0,8ss_300_DL,R120,0.3
Criteres_Eleves_Chape_Humide,1,2500,C,5000,6.5,,R120,
Criteres_Eleves_Chape_Humide,1,2500,C,5000,7.0,,R120,
Criteres_Eleves_Chape_Humide,1,3000,A,2000,3.0,5s_130_DL,R60,0.13
Criteres_Eleves_Chape_Humide,1,3000,A,2000,3.5,5s_150_DL,R60,0.15
Criteres_Eleves_Chape_Humide,1,3000,A,2000,4.0,5s_180_DL,R90,0.18
Criteres_Eleves_Chape_Humide,1,3000,A,2000,4.5,5s_200_DL,R90,0.2
Criteres_Eleves_Chape_Humide,1,3000,A,2000,5.0,7ss_220_DL,R120,0.22
Criteres_Eleves_Chape_Humide,1,3000,A,2000,5.5,7ss_240_DL,R120,0.24
Criteres_Eleves_Chape_Humide,1,3000,A,2000,6.0,7ss_260_DL,R120,0.26
Criteres_Eleves_Chape_Humide,1,3000,A,2000,6.5,8ss_300_DL,R120,0.3
Criteres_Eleves_Chape_Humide,1,3000,A,2000,7.0,8ss_320_DL,R120,0.32
Criteres_Eleves_Chape_Humide,1,3000,B,3000,3.0,5s_140_DL,R60,0.14
Criteres_Eleves_Chape_Humide,1,3000,B,3000,3.5,5s_160_DL,R60,0.16
Criteres_Eleves_Chape_Humide,1,3000,B,3000,4.0,5s_180_DL,R90,0.18
Criteres_Eleves_Chape_Humide,1,3000,B,3000,4.5,7ss_200_DL,R90,0.2
Criteres_Eleves_Chape_Humide,1,3000,B,3000,5.0,7ss_220_DL,R120,0.22
Criteres_Eleves_Chape_Humide,1,3000,B,3000,5.5,7ss_240_DL,R120,0.24
Criteres_Eleves_Chape_Humide,1,3000,B,3000,6.0,7ss_280_DL,R120,0.28
Criteres_Eleves_Chape_Humide,1,3000,B,3000,6.5,,R120,
Criteres_Eleves_Chape_Humide,1,3000,B,3000,7.0,,R120,
Criteres_Eleves_Chape_Humide,1,3000,C,4000,3.0,5s_150_DL,R60,0.15
Criteres_Eleves_Chape_Humide,1,3000,C,4000,3.5,5s_170_DL,R90,0.17
Criteres_Eleves_Chape_Humide,1,3000,C,4000,4.0,5s_200_DL,R90,0.2
Criteres_Eleves_Chape_Humide,1,3000,C,4000,4.5,7ss_220_DL,R120,0.22
Criteres_Eleves_Chape_Humide,1,3000,C,4000,5.0,7ss_240_DL,R120,0.24
Criteres_Eleves_Chape_Humide,1,3000,C,4000,5.5,7ss_280_DL,R120,0.28
Criteres_Eleves_Chape_Humide,1,3000,C,4000,6.0,8ss_300_DL,R120,0.3
Criteres_Eleves_Chape_Humide,1,3000,C,4000,6.5,,R120,
Criteres_Eleves_Chape_Humide,1,3000,C,4000,7.0,,R120,
Criteres_Eleves_Chape_Humide,1,3000,C,5000,3.0,5s_150_DL,R60,0.15
Criteres_Eleves_Chape_Humide,1,3000,C,5000,3.5,5s_180_DL,R90,0.18
Criteres_Eleves_Chape_Humide,1,3000,C,5000,4.0,7ss_200_DL,R90,0.2
Criteres_Eleves_Chape_Humide,1,3000,C,5000,4.5,7ss_220_DL,R120,0.22
Criteres_Eleves_Chape_Humide,1,3000,C,5000,5.0,7ss_240_DL,R120,0.24
Criteres_Eleves_Chape_Humide,1,3000,C,5000,5.5,7ss_280_DL,R120,0.28
Criteres_Eleves_Chape_Humide,1,3000,C,5000,6.0,8ss_320_DL,R120,0.32
Criteres_Eleves_Chape_Humide,1,3000,C,5000,6.5,,R120,
Criteres_Eleves_Chape_Humide,1,3000,C,5000,7.0,,R120,
Criteres_Eleves_Chape_Humide,1,3500,A,2000,3.0,5s_140_DL,R60,0.14
Criteres_Eleves_Chape_Humide,1,3500,A,2000,3.5,5s_150_DL,R60,0.15
Criteres_Eleves_Chape_Humide,1,3500,A,2000,4.0,5s_180_DL,R90,0.18
Criteres_Eleves_Chape_Humide,1,3500,A,2000,4.5,7ss_200_DL,R90,0.2
Criteres_Eleves_Chape_Humide,1,3500,A,2000,5.0,7ss_220_DL,R120,0.22
Criteres_Eleves_Chape_Humide,1,3500,A,2000,5.5,7ss_240_DL,R120,0.24
Criteres_Eleves_Chape_Humide,1,3500,A,2000,6.0,7ss_280_DL,R120,0.28
Criteres_Eleves_Chape_Humide,1,3500,A,2000,6.5,8ss_300_DL,R120,0.3
Criteres_Eleves_Chape_Humide,1,3500,A,2000,7.0,,R120,
Criteres_Eleves_Chape_Humide,1,3500,B,3000,3.0,5s_140_DL,R60,0.14
Criteres_Eleves_Chape_Humide,1,3500,B,3000,3.5,5s_160_DL,R60,0.16
Criteres_Eleves_Chape_Humide,1,3500,B,3000,4.0,5s_200_DL,R90,0.2
Criteres_Eleves_Chape_Humide,1,3500,B,3000,4.5,7ss_200_DL,R90,0.2
Criteres_Eleves_Chape_Humide,1,3500,B,3000,5.0,7ss_220_DL,R120,0.22
Criteres_Eleves_Chape_Humide,1,3500,B,3000,5.5,7ss_260_DL,R120,0.26
Criteres_Eleves_Chape_Humide,1,3500,B,3000,6.0,8ss_300_DL,R120,0.3
Criteres_Eleves_Chape_Humide,1,3500,B,3000,6.5,8ss_320_DL,R120,0.32
Criteres_Eleves_Chape_Humide,1,3500,B,3000,7.0,,R120,
Criteres_Eleves_Chape_Humide,1,3500,C,4000,3.0,5s_150_DL,R60,0.15
Criteres_Eleves_Chape_Humide,1,3500,C,4000,3.5,5s_180_DL,R90,0.18
Criteres_Eleves_Chape_Humide,1,3500,C,4000,4.0,7ss_200_DL,R90,0.2
Criteres_Eleves_Chape_Humide,1,3500,C,4000,4.5,7ss_220_DL,R120,0.22
Criteres_Eleves_Chape_Humide,1,3500,C,4000,5.0,7ss_240_DL,R120,0.24
Criteres_Eleves_Chape_Humide,1,3500,C,4000,5.5,7ss_280_DL,R120,0.28
Criteres_Eleves_Chape_Humide,1,3500,C,4000,6.0,8ss_300_DL,R120,0.3
Criteres_Eleves_Chape_Humide,1,3500,C,4000,6.5,,R120,
Criteres_Eleves_Chape_Humide,1,3500,C,4000,7.0,,R120,
Criteres_Eleves_Chape_Humide,1,3500,C,5000,3.0,5s_160_DL,R60,0.16
Criteres_Eleves_Chape_Humide,1,3500,C,5000,3.5,5s_190_DL,R90,0.19
Criteres_Eleves_Chape_Humide,1,3500,C,5000,4.0,7ss_200_DL,R90,0.2
Criteres_Eleves_Chape_Humide,1,3500,C,5000,4.5,7ss_220_DL,R120,0.22
Criteres_Eleves_Chape_Humide,1,3500,C,5000,5.0,7ss_260_DL,R120,0.26
Criteres_Eleves_Chape_Humide,1,3500,C,5000,5.5,8ss_300_DL,R120,0.3
Criteres_Eleves_Chape_Humide,1,3500,C,5000,6.0,8ss_320_DL,R120,0.32
Criteres_Eleves_Chape_Humide,1,3500,C,5000,6.5,,R120,
Criteres_Eleves_Chape_Humide,1,3500,C,5000,7.0,,R120,
Criteres_Eleves_Chape_Seche,1,1000,A,2000,3.0,5s_120_DL,R60,0.12
Criteres_Eleves_Chape_Seche,1,1000,A,2000,3.5,5s_130_DL,R60,0.13
Criteres_Eleves_Chape_Seche,1,1000,A,2000,4.0,5s_150_DL,R60,0.15
Criteres_Eleves_Chape_Seche,1,1000,A,2000,4.5,5s_160_DL,R60,0.16
Criteres_Eleves_Chape_Seche,1,1000,A,2000,5.0,5s_180_DL,R90,0.18
Criteres_Eleves_Chape_Seche,1,1000,A,2000,5.5,7ss_200_DL,R90,0.2
Criteres_Eleves_Chape_Seche,1,1000,A,2000,6.0,7ss_220_DL,R120,0.22
Criteres_Eleves_Chape_Seche,1,1000,A,2000,6.5,7ss_240_DL,R120,0.24
Criteres_Eleves_Chape_Seche,1,1000,A,2000,7.0,7ss_280_DL,R120,0.28
Criteres_Eleves_Chape_Seche,1,1000,B,3000,3.0,5s_120_DL,R60,0.12
Criteres_Eleves_Chape_Seche,1,1000,B,3000,3.5,5s_140_DL,R60,0.14
Criteres_Eleves_Chape_Seche,1,1000,B,3000,4.0,5s_150_DL,R60,0.15
Criteres_Eleves_Chape_Seche,1,1000,B,3000,4.5,5s_180_DL,R90,0.18
Criteres_Eleves_Chape_Seche,1,1000,B,3000,5.0,5s_200_DL,R90,0.2
Criteres_Eleves_Chape_Seche,1,1000,B,3000,5.5,7ss_220_DL,R120,0.22
Criteres_Eleves_Chape_Seche,1,1000,B,3000,6.0,7ss_240_DL,R120,0.24
Criteres_Eleves_Chape_Seche,1,1000,B,3000,6.5,7ss_260_DL,R120,0.26
Criteres_Eleves_Chape_Seche,1,1000,B,3000,7.0,7ss_280_DL,R120,0.28
Criteres_Eleves_Chape_Seche,1,1000,C,4000,3.0,5s_130_DL,R60,0.13
Criteres_Eleves_Chape_Seche,1,1000,C,4000,3.5,5s_150_DL,R60,0.15
Criteres_Eleves_Chape_Seche,1,1000,C,4000,4.0,5s_170_DL,R90,0.17
Criteres_Eleves_Chape_Seche,1,1000,C,4000,4.5,5s_200_DL,R90,0.2
Criteres_Eleves_Chape_Seche,1,1000,C,4000,5.0,7ss_220_DL,R120,0.22
Criteres_Eleves_Chape_Seche,1,1000,C,4000,5.5,7ss_240_DL,R120,0.24
Criteres_Eleves_Chape_Seche,1,1000,C,4000,6.0,7ss_260_DL,R120,0.26
Criteres_Eleves_Chape_Seche,1,1000,C,4000,6.5,8ss_300_DL,R120,0.3
Criteres_Eleves_Chape_Seche,1,1000,C,4000,7.0,8ss_320_DL,R120,0.32
Criteres_Eleves_Chape_Seche,1,1000,C,5000,3.0,5s_140_DL,R60,0.14
Criteres_Eleves_Chape_Seche,1,1000,C,5000,3.5,5s_160_DL,R60,0.16
Criteres_Eleves_Chape_Seche,1,1000,C,5000,4.0,5s_190_DL,R90,0.19
Criteres_Eleves_Chape_Seche,1,1000,C,5000,4.5,7ss_200_DL,R90,0.2
Criteres_Eleves_Chape_Seche,1,1000,C,5000,5.0,7ss_220_DL,R120,0.22
Criteres_Eleves_Chape_Seche,1,1000,C,5000,5.5,7ss_240_DL,R120,0.24
Criteres_Eleves_Chape_Seche,1,1000,C,5000,6.0,7ss_280_DL,R120,0.28
Criteres_Eleves_Chape_Seche,1,1000,C,5000,6.5,8ss_300_DL,R120,0.3
Criteres_Eleves_Chape_Seche,1,1000,C,5000,7.0,,R120,
Criteres_Eleves_Chape_Seche,1,1500,A,2000,3.0,5s_120_DL,R60,0.12
Criteres_Eleves_Chape_Seche,1,1500,A,2000,3.5,5s_130_DL,R60,0.13
Criteres_Eleves_Chape_Seche,1,1500,A,2000,4.0,5s_150_DL,R60,0.15
Criteres_Eleves_Chape_Seche,1,1500,A,2000,4.5,5s_170_DL,R90,0.17
Criteres_Eleves_Chape_Seche,1,1500,A,2000,5.0,5s_200_DL,R90,0.2
Criteres_Eleves_Chape_Seche,1,1500,A,2000,5.5,7ss_200_DL,R90,0.2
Criteres_Eleves_Chape_Seche,1,1500,A,2000,6.0,7ss_240_DL,R120,0.24
Criteres_Eleves_Chape_Seche,1,1500,A,2000,6.5,7ss_260_DL,R120,0.26
Criteres_Eleves_Chape_Seche,1,1500,A,2000,7.0,8ss_300_DL,R120,0.3
Criteres_Eleves_Chape_Seche,1,1500,B,3000,3.0,5s_120_DL,R60,0.12
Criteres_Eleves_Chape_Seche,1,1500,B,3000,3.5,5s_140_DL,R60,0.14
Criteres_Eleves_Chape_Seche,1,1500,B,3000,4.0,5s_160_DL,R60,0.16
Criteres_Eleves_Chape_Seche,1,1500,B,3000,4.5,5s_180_DL,R90,0.18
Criteres_Eleves_Chape_Seche,1,1500,B,3000,5.0,7ss_200_DL,R90,0.2
Criteres_Eleves_Chape_Seche,1,1500,B,3000,5.5,7ss_220_DL,R120,0.22
Criteres_Eleves_Chape_Seche,1,1500,B,3000,6.0,7ss_240_DL,R120,0.24
Criteres_Eleves_Chape_Seche,1,1500,B,3000,6.5,7ss_280_DL,R120,0.28
Criteres_Eleves_Chape_Seche,1,1500,B,3000,7.0,8ss_300_DL,R120,0.3
Criteres_Eleves_Chape_Seche,1,1500,C,4000,3.0,5s_130_DL,R60,0.13
Criteres_Eleves_Chape_Seche,1,1500,C,4000,3.5,5s_150_DL,R60,0.15
Criteres_Eleves_Chape_Seche,1,1500,C,4000,4.0,5s_180_DL,R90,0.18
Criteres_Eleves_Chape_Seche,1,1500,C,4000,4.5,7ss_200_DL,R90,0.2
Criteres_Eleves_Chape_Seche,1,1500,C,4000,5.0,7ss_220_DL,R120,0.22
Criteres_Eleves_Chape_Seche,1,1500,C,4000,5.5,7ss_240_DL,R120,0.24
Criteres_Eleves_Chape_Seche,1,1500,C,4000,6.0,7ss_280_DL,R120,0.28
Criteres_Eleves_Chape_Seche,1,1500,C,4000,6.5,8ss_300_DL,R120,0.3
Criteres_Eleves_Chape_Seche,1,1500,C,4000,7.0,,R120,
Criteres_Eleves_Chape_Seche,1,1500,C,5000,3.0,5s_140_DL,R60,0.14
Criteres_Eleves_Chape_Seche,1,1500,C,5000,3.5,5s_160_DL,R60,0.16
Criteres_Eleves_Chape_Seche,1,1500,C,5000,4.0,5s_200_DL,R90,0.2
Criteres_Eleves_Chape_Seche,1,1500,C,5000,4.5,7ss_200_DL,R90,0.2
Criteres_Eleves_Chape_Seche,1,1500,C,5000,5.0,7ss_220_DL,R120,0.22
Criteres_Eleves_Chape_Seche,1,1500,C,5000,5.5,7ss_260_DL,R120,0.26
Criteres_Eleves_Chape_Seche,1,1500,C,5000,6.0,8ss_300_DL,R120,0.3
Criteres_Eleves_Chape_Seche,1,1500,C,5000,6.5,8ss_320_DL,R120,0.32
Criteres_Eleves_Chape_Seche,1,1500,C,5000,7.0,,R120,
Criteres_Eleves_Chape_Seche,1,2000,A,2000,3.0,5s_120_DL,R60,0.12
Criteres_Eleves_Chape_Seche,1,2000,A,2000,3.5,5s_140_DL,R60,0.14
Criteres_Eleves_Chape_Seche,1,2000,A,2000,4.0,5s_160_DL,R60,0.16
Criteres_Eleves_Chape_Seche,1,2000,A,2000,4.5,5s_180_DL,R90,0.18
Criteres_Eleves_Chape_Seche,1,2000,A,2000,5.0,7ss_200_DL,R90,0.2
Criteres_Eleves_Chape_Seche,1,2000,A,2000,5.5,7ss_220_DL,R120,0.22
Criteres_Eleves_Chape_Seche,1,2000,A,2000,6.0,7ss_240_DL,R120,0.24
Criteres_Eleves_Chape_Seche,1,2000,A,2000,6.5,7ss_280_DL,R120,0.28
Criteres_Eleves_Chape_Seche,1,2000,A,2000,7.0,8ss_320_DL,R120,0.32
Criteres_Eleves_Chape_Seche,1,2000,B,3000,3.0,5s_130_DL,R60,0.13
Criteres_Eleves_Chape_Seche,1,2000,B,3000,3.5,5s_150_DL,R60,0.15
Criteres_Eleves_Chape_Seche,1,2000,B,3000,4.0,5s_170_DL,R90,0.17
Criteres_Eleves_Chape_Seche,1,2000,B,3000,4.5,5s_200_DL,R90,0.2
Criteres_Eleves_Chape_Seche,1,2000,B,3000,5.0,7ss_200_DL,R90,0.2
Criteres_Eleves_Chape_Seche,1,2000,B,3000,5.5,7ss_240_DL,R120,0.24
Criteres_Eleves_Chape_Seche,1,2000,B,3000,6.0,7ss_260_DL,R120,0.26
Criteres_Eleves_Chape_Seche,1,2000,B,3000,6.5,8ss_300_DL,R120,0.3
Criteres_Eleves_Chape_Seche,1,2000,B,3000,7.0,8ss_320_DL,R120,0.32
Criteres_Eleves_Chape_Seche,1,2000,C,4000,3.0,5s_140_DL,R60,0.14
Criteres_Eleves_Chape_Seche,1,2000,C,4000,3.5,5s_160_DL,R60,0.16
Criteres_Eleves_Chape_Seche,1,2000,C,4000,4.0,5s_190_DL,R90,0.19
Criteres_Eleves_Chape_Seche,1,2000,C,4000,4.5,7ss_200_DL,R90,0.2
Criteres_Eleves_Chape_Seche,1,2000,C,4000,5.0,7ss_220_DL,R120,0.22
Criteres_Eleves_Chape_Seche,1,2000,C,4000,5.5,7ss_260_DL,R120,0.26
Criteres_Eleves_Chape_Seche,1,2000,C,4000,6.0,7ss_280_DL,R120,0.28
Criteres_Eleves_Chape_Seche,1,2000,C,4000,6.5,8ss_320_DL,R120,0.32
Criteres_Eleves_Chape_Seche,1,2000,C,4000,7.0,,R120,
Criteres_Eleves_Chape_Seche,1,2000,C,5000,3.0,5s_140_DL,R60,0.14
Criteres_Eleves_Chape_Seche,1,2000,C,5000,3.5,5s_170_DL,R90,0.17
Criteres_Eleves_Chape_Seche,1,2000,C,5000,4.0,5s_200_DL,R90,0.2
Criteres_Eleves_Chape_Seche,1,2000,C,5000,4.5,7ss_220_DL,R120,0.22
Criteres_Eleves_Chape_Seche,1,2000,C,5000,5.0,7ss_240_DL,R120,0.24
Criteres_Eleves_Chape_Seche,1,2000,C,5000,5.5,7ss_260_DL,R120,0.26
Criteres_Eleves_Chape_Seche,1,2000,C,5000,6.0,8ss_300_DL,R120,0.3
Criteres_Eleves_Chape_Seche,1,2000,C,5000,6.5,,R120,
Criteres_Eleves_Chape_Seche,1,2000,C,5000,7.0,,R120,
Criteres_Eleves_Chape_Seche,1,2500,A,2000,3.0,5s_130_DL,R60,0.13
Criteres_Eleves_Chape_Seche,1,2500,A,2000,3.5,5s_140_DL,R60,0.14
Criteres_Eleves_Chape_Seche,1,2500,A,2000,4.0,5s_160_DL,R60,0.16
Criteres_Eleves_Chape_Seche,1,2500,A,2000,4.5,5s_190_DL,R90,0.19
Criteres_Eleves_Chape_Seche,1,2500,A,2000,5.0,7ss_200_DL,R90,0.2
Criteres_Eleves_Chape_Seche,1,2500,A,2000,5.5,7ss_220_DL,R120,0.22
Criteres_Eleves_Chape_Seche,1,2500,A,2000,6.0,7ss_260_DL,R120,0.26
Criteres_Eleves_Chape_Seche,1,2500,A,2000,6.5,7ss_280_DL,R120,0.28
Criteres_Eleves_Chape_Seche,1,2500,A,2000,7.0,8ss_320_DL,R120,0.32
Criteres_Eleves_Chape_Seche,1,2500,B,3000,3.0,5s_130_DL,R60,0.13
Criteres_Eleves_Chape_Seche,1,2500,B,3000,3.5,5s_150_DL,R60,0.15
Criteres_Eleves_Chape_Seche,1,2500,B,3000,4.0,5s_180_DL,R90,0.18
Criteres_Eleves_Chape_Seche,1,2500,B,3000,4.5,7ss_200_DL,R90,0.2
Criteres_Eleves_Chape_Seche,1,2500,B,3000,5.0,7ss_220_DL,R120,0.22
Criteres_Eleves_Chape_Seche,1,2500,B,3000,5.5,7ss_240_DL,R120,0.24
Criteres_Eleves_Chape_Seche,1,2500,B,3000,6.0,7ss_280_DL,R120,0.28
Criteres_Eleves_Chape_Seche,1,2500,B,3000,6.5,8ss_300_DL,R120,0.3
Criteres_Eleves_Chape_Seche,1,2500,B,3000,7.0,8ss_320_DL,R120,0.32
Criteres_Eleves_Chape_Seche,1,2500,C,4000,3.0,5s_140_DL,R60,0.14
Criteres_Eleves_Chape_Seche,1,2500,C,4000,3.5,5s_160_DL,R60,0.16
Criteres_Eleves_Chape_Seche,1,2500,C,4000,4.0,5s_200_DL,R90,0.2
Criteres_Eleves_Chape_Seche,1,2500,C,4000,4.5,7ss_220_DL,R120,0.22
Criteres_Eleves_Chape_Seche,1,2500,C,4000,5.0,7ss_240_DL,R120,0.24
Criteres_Eleves_Chape_Seche,1,2500,C,4000,5.5,7ss_260_DL,R120,0.26
Criteres_Eleves_Chape_Seche,1,2500,C,4000,6.0,8ss_300_DL,R120,0.3
Criteres_Eleves_Chape_Seche,1,2500,C,4000,6.5,8ss_320_DL,R120,0.32
Criteres_Eleves_Chape_Seche,1,2500,C,4000,7.0,,R120,
Criteres_Eleves_Chape_Seche,1,2500,C,5000,3.0,5s_150_DL,R60,0.15
Criteres_Eleves_Chape_Seche,1,2500,C,5000,3.5,5s_180_DL,R90,0.18
Criteres_Eleves_Chape_Seche,1,2500,C,5000,4.0,7ss_200_DL,R90,0.2
Criteres_Eleves_Chape_Seche,1,2500,C,5000,4.5,7ss_220_DL,R120,0.22
Criteres_Eleves_Chape_Seche,1,2500,C,5000,5.0,7ss_240_DL,R120,0.24
Criteres_Eleves_Chape_Seche,1,2500,C,5000,5.5,7ss_280_DL,R120,0.28
Criteres_Eleves_Chape_Seche,1,2500,C,5000,6.0,8ss_300_DL,R120,0.3
Criteres_Eleves_Chape_Seche,1,2500,C,5000,6.5,,R120,
Criteres_Eleves_Chape_Seche,1,2500,C,5000,7.0,,R120,
Criteres_Eleves_Chape_Seche,1,3000,A,2000,3.0,5s_130_DL,R60,0.13
Criteres_Eleves_Chape_Seche,1,3000,A,2000,3.5,5s_150_DL,R60,0.15
Criteres_Eleves_Chape_Seche,1,3000,A,2000,4.0,5s_180_DL,R90,0.18
Criteres_Eleves_Chape_Seche,1,3000,A,2000,4.5,5s_200_DL,R90,0.2
Criteres_Eleves_Chape_Seche,1,3000,A,2000,5.0,7ss_220_DL,R120,0.22
Criteres_Eleves_Chape_Seche,1,3000,A,2000,5.5,7ss_240_DL,R120,0.24
Criteres_Eleves_Chape_Seche,1,3000,A,2000,6.0,7ss_280_DL,R120,0.28
Criteres_Eleves_Chape_Seche,1,3000,A,2000,6.5,8ss_300_DL,R120,0.3
Criteres_Eleves_Chape_Seche,1,3000,A,2000,7.0,8ss_320_DL,R120,0.32
Criteres_Eleves_Chape_Seche,1,3000,B,3000,3.0,5s_140_DL,R60,0.14
Criteres_Eleves_Chape_Seche,1,3000,B,3000,3.5,5s_160_DL,R60,0.16
Criteres_Eleves_Chape_Seche,1,3000,B,3000,4.0,5s_180_DL,R90,0.18
Criteres_Eleves_Chape_Seche,1,3000,B,3000,4.5,7ss_200_DL,R90,0.2
Criteres_Eleves_Chape_Seche,1,3000,B,3000,5.0,7ss_220_DL,R120,0.22
Criteres_Eleves_Chape_Seche,1,3000,B,3000,5.5,7ss_240_DL,R120,0.24
Criteres_Eleves_Chape_Seche,1,3000,B,3000,6.0,7ss_280_DL,R120,0.28
Criteres_Eleves_Chape_Seche,1,3000,B,3000,6.5,8ss_300_DL,R120,0.3
Criteres_Eleves_Chape_Seche,1,3000,B,3000,7.0,,R120,
Criteres_Eleves_Chape_Seche,1,3000,C,4000,3.0,5s_150_DL,R60,0.15
Criteres_Eleves_Chape_Seche,1,3000,C,4000,3.5,5s_170_DL,R90,0.17
Criteres_Eleves_Chape_Seche,1,3000,C,4000,4.0,5s_200_DL,R90,0.2
Criteres_Eleves_Chape_Seche,1,3000,C,4000,4.5,7ss_200_DL,R120,0.2
Criteres_Eleves_Chape_Seche,1,3000,C,4000,5.0,7ss_240_DL,R120,0.24
Criteres_Eleves_Chape_Seche,1,3000,C,4000,5.5,7ss_280_DL,R120,0.28
Criteres_Eleves_Chape_Seche,1,3000,C,4000,6.0,8ss_300_DL,R120,0.3
Criteres_Eleves_Chape_Seche,1,3000,C,4000,6.5,,R120,
Criteres_Eleves_Chape_Seche,1,3000,C,4000,7.0,,R120,
Criteres_Eleves_Chape_Seche,1,3000,C,5000,3.0,5s_150_DL,R60,0.15
Criteres_Eleves_Chape_Seche,1,3000,C,5000,3.5,5s_180_DL,R90,0.18
Criteres_Eleves_Chape_Seche,1,3000,C,5000,4.0,7ss_200_DL,R90,0.2
Criteres_Eleves_Chape_Seche,1,3000,C,5000,4.5,7ss_200_DL,R120,0.2
Criteres_Eleves_Chape_Seche,1,3000,C,5000,5.0,7ss_240_DL,R120,0.24
Criteres_Eleves_Chape_Seche,1,3000,C,5000,5.5,7ss_280_DL,R120,0.28
Criteres_Eleves_Chape_Seche,1,3000,C,5000,6.0,8ss_300_DL,R120,0.3
Criteres_Eleves_Chape_Seche,1,3000,C,5000,6.5,,R120,
Criteres_Eleves_Chape_Seche,1,3000,C,5000,7.0,,R120,
Criteres_Faibles,1,1000,A,2000,3.0,5s_100_DL,R30,0.1
Criteres_Faibles,1,1000,A,2000,3.5,5s_110_DL,R30,0.11
Criteres_Faibles,1,1000,A,2000,4.0,5s_130_DL,R60,0.13
Criteres_Faibles,1,1000,A,2000,4.5,5s_140_DL,R60,0.14
Criteres_Faibles,1,1000,A,2000,5.0,5s_150_DL,R60,0.15
Criteres_Faibles,1,1000,A,2000,5.5,5s_170_DL,R90,0.17
Criteres_Faibles,1,1000,A,2000,6.0,5s_190_DL,R90,0.19
Criteres_Faibles,1,1000,A,2000,6.5,7ss_200_DL,R90,0.2
Criteres_Faibles,1,1000,A,2000,7.0,7ss_220_DL,R120,0.22
Criteres_Faibles,1,1000,B,3000,3.0,5s_110_DL,R60,0.11
Criteres_Faibles,1,1000,B,3000,3.5,5s_120_DL,R60,0.12
Criteres_Faibles,1,1000,B,3000,4.0,5s_140_DL,R60,0.14
Criteres_Faibles,1,1000,B,3000,4.5,5s_150_DL,R60,0.15
Criteres_Faibles,1,1000,B,3000,5.0,5s_170_DL,R90,0.17
Criteres_Faibles,1,1000,B,3000,5.5,5s_190_DL,R90,0.19
Criteres_Faibles,1,1000,B,3000,6.0,7ss_200_DL,R90,0.2
Criteres_Faibles,1,1000,B,3000,6.5,7ss_220_DL,R120,0.22
Criteres_Faibles,1,1000,B,3000,7.0,7ss_240_DL,R120,0.24
Criteres_Faibles,1,1000,C,4000,3.0,5s_120_DL,R60,0.12
Criteres_Faibles,1,1000,C,4000,3.5,5s_130_DL,R60,0.13
Criteres_Faibles,1,1000,C,4000,4.0,5s_150_DL,R60,0.15
Criteres_Faibles,1,1000,C,4000,4.5,5s_170_DL,R90,0.17
Criteres_Faibles,1,1000,C,4000,5.0,5s_200_DL,R90,0.2
Criteres_Faibles,1,1000,C,4000,5.5,7ss_200_DL,R90,0.2
Criteres_Faibles,1,1000,C,4000,6.0,7ss_220_DL,R90,0.22
Criteres_Faibles,1,1000,C,4000,6.5,7ss_240_DL,R120,0.24
Criteres_Faibles,1,1000,C,4000,7.0,7ss_260_DL,R120,0.26
Criteres_Faibles,1,1000,C,5000,3.0,5s_120_DL,R60,0.12
Criteres_Faibles,1,1000,C,5000,3.5,5s_140_DL,R60,0.14
Criteres_Faibles,1,1000,C,5000,4.0,5s_160_DL,R60,0.16
Criteres_Faibles,1,1000,C,5000,4.5,5s_180_DL,R90,0.18
Criteres_Faibles,1,1000,C,5000,5.0,7ss_200_DL,R90,0.2
Criteres_Faibles,1,1000,C,5000,5.5,7ss_220_DL,R120,0.22
Criteres_Faibles,1,1000,C,5000,6.0,7ss_240_DL,R120,0.24
Criteres_Faibles,1,1000,C,5000,6.5,7ss_260_DL,R120,0.26
Criteres_Faibles,1,1000,C,5000,7.0,7ss_280_DL,R120,0.28
Criteres_Faibles,1,1500,A,2000,3.0,5s_100_DL,R30,0.1
Criteres_Faibles,1,1500,A,2000,3.5,5s_120_DL,R60,0.12
Criteres_Faibles,1,1500,A,2000,4.0,5s_130_DL,R60,0.13
Criteres_Faibles,1,1500,A,2000,4.5,5s_150_DL,R60,0.15
Criteres_Faibles,1,1500,A,2000,5.0,5s_160_DL,R60,0.16
Criteres_Faibles,1,1500,A,2000,5.5,5s_190_DL,R90,0.19
Criteres_Faibles,1,1500,A,2000,6.0,7ss_200_DL,R90,0.2
Criteres_Faibles,1,1500,A,2000,6.5,7ss_220_DL,R120,0.22
Criteres_Faibles,1,1500,A,2000,7.0,7ss_220_DL,R90,0.22
Criteres_Faibles,1,1500,B,3000,3.0,5s_110_DL,R60,0.11
Criteres_Faibles,1,1500,B,3000,3.5,5s_120_DL,R60,0.12
Criteres_Faibles,1,1500,B,3000,4.0,5s_140_DL,R60,0.14
Criteres_Faibles,1,1500,B,3000,4.5,5s_160_DL,R60,0.16
Criteres_Faibles,1,1500,B,3000,5.0,5s_180_DL,R90,0.18
Criteres_Faibles,1,1500,B,3000,5.5,5s_200_DL,R90,0.2
Criteres_Faibles,1,1500,B,3000,6.0,7ss_220_DL,R120,0.22
Criteres_Faibles,1,1500,B,3000,6.5,7ss_220_DL,R90,0.22
Criteres_Faibles,1,1500,B,3000,7.0,7ss_240_DL,R120,0.24
Criteres_Faibles,1,1500,C,4000,3.0,5s_120_DL,R60,0.12
Criteres_Faibles,1,1500,C,4000,3.5,5s_140_DL,R60,0.14
Criteres_Faibles,1,1500,C,4000,4.0,5s_150_DL,R60,0.15
Criteres_Faibles,1,1500,C,4000,4.5,5s_180_DL,R90,0.18
Criteres_Faibles,1,1500,C,4000,5.0,5s_200_DL,R90,0.2
Criteres_Faibles,1,1500,C,4000,5.5,7ss_220_DL,R120,0.22
Criteres_Faibles,1,1500,C,4000,6.0,7ss_240_DL,R120,0.24
Criteres_Faibles,1,1500,C,4000,6.5,7ss_240_DL,R120,0.24
Criteres_Faibles,1,1500,C,4000,7.0,7ss_280_DL,R120,0.28
Criteres_Faibles,1,1500,C,5000,3.0,5s_120_DL,R60,0.12
Criteres_Faibles,1,1500,C,5000,3.5,5s_140_DL,R60,0.14
Criteres_Faibles,1,1500,C,5000,4.0,5s_160_DL,R60,0.16
Criteres_Faibles,1,1500,C,5000,4.5,5s_190_DL,R90,0.19
Criteres_Faibles,1,1500,C,5000,5.0,7ss_200_DL,R90,0.2
Criteres_Faibles,1,1500,C,5000,5.5,7ss_220_DL,R120,0.22
Criteres_Faibles,1,1500,C,5000,6.0,7ss_240_DL,R120,0.24
Criteres_Faibles,1,1500,C,5000,6.5,7ss_260_DL,R120,0.26
Criteres_Faibles,1,1500,C,5000,7.0,8ss_300_DL,R120,0.3
Criteres_Faibles,1,2000,A,2000,3.0,5s_110_DL,R60,0.11
Criteres_Faibles,1,2000,A,2000,3.5,5s_120_DL,R60,0.12
Criteres_Faibles,1,2000,A,2000,4.0,5s_140_DL,R60,0.14
Criteres_Faibles,1,2000,A,2000,4.5,5s_160_DL,R60,0.16
Criteres_Faibles,1,2000,A,2000,5.0,5s_180_DL,R90,0.18
Criteres_Faibles,1,2000,A,2000,5.5,5s_200_DL,R90,0.2
Criteres_Faibles,1,2000,A,2000,6.0,7ss_200_DL,R90,0.2
Criteres_Faibles,1,2000,A,2000,6.5,7ss_220_DL,R90,0.22
Criteres_Faibles,1,2000,A,2000,7.0,7ss_240_DL,R120,0.24
Criteres_Faibles,1,2000,B,3000,3.0,5s_120_DL,R60,0.12
Criteres_Faibles,1,2000,B,3000,3.5,5s_130_DL,R60,0.13
Criteres_Faibles,1,2000,B,3000,4.0,5s_150_DL,R60,0.15
Criteres_Faibles,1,2000,B,3000,4.5,5s_170_DL,R90,0.17
Criteres_Faibles,1,2000,B,3000,5.0,5s_190_DL,R90,0.19
Criteres_Faibles,1,2000,B,3000,5.5,7ss_200_DL,R90,0.2
Criteres_Faibles,1,2000,B,3000,6.0,7ss_220_DL,R120,0.22
Criteres_Faibles,1,2000,B,3000,6.5,7ss_240_DL,R120,0.24
Criteres_Faibles,1,2000,B,3000,7.0,7ss_260_DL,R120,0.26
Criteres_Faibles,1,2000,C,4000,3.0,5s_120_DL,R60,0.12
Criteres_Faibles,1,2000,C,4000,3.5,5s_140_DL,R60,0.14
Criteres_Faibles,1,2000,C,4000,4.0,5s_160_DL,R60,0.16
Criteres_Faibles,1,2000,C,4000,4.5,5s_180_DL,R90,0.18
Criteres_Faibles,1,2000,C,4000,5.0,7ss_200_DL,R90,0.2
Criteres_Faibles,1,2000,C,4000,5.5,7ss_220_DL,R120,0.22
Criteres_Faibles,1,2000,C,4000,6.0,7ss_240_DL,R120,0.24
Criteres_Faibles,1,2000,C,4000,6.5,7ss_260_DL,R120,0.26
Criteres_Faibles,1,2000,C,4000,7.0,7ss_280_DL,R120,0.28
Criteres_Faibles,1,2000,C,5000,3.0,5s_130_DL,R60,0.13
Criteres_Faibles,1,2000,C,5000,3.5,5s_150_DL,R60,0.15
Criteres_Faibles,1,2000,C,5000,4.0,5s_170_DL,R90,0.17
Criteres_Faibles,1,2000,C,5000,4.5,5s_200_DL,R90,0.2
Criteres_Faibles,1,2000,C,5000,5.0,7ss_220_DL,R120,0.22
Criteres_Faibles,1,2000,C,5000,5.5,7ss_220_DL,R90,0.22
Criteres_Faibles,1,2000,C,5000,6.0,7ss_240_DL,R120,0.24
Criteres_Faibles,1,2000,C,5000,6.5,7ss_280_DL,R120,0.28
Criteres_Faibles,1,2000,C,5000,7.0,8ss_300_DL,R120,0.3
Criteres_Faibles,1,2500,A,2000,3.0,5s_110_DL,R30,0.11
Criteres_Faibles,1,2500,A,2000,3.5,5s_130_DL,R60,0.13
Criteres_Faibles,1,2500,A,2000,4.0,5s_140_DL,R60,0.14
Criteres_Faibles,1,2500,A,2000,4.5,5s_160_DL,R60,0.16
Criteres_Faibles,1,2500,A,2000,5.0,5s_190_DL,R90,0.19
Criteres_Faibles,1,2500,A,2000,5.5,7ss_200_DL,R90,0.2
Criteres_Faibles,1,2500,A,2000,6.0,7ss_220_DL,R120,0.22
Criteres_Faibles,1,2500,A,2000,6.5,7ss_240_DL,R120,0.24
Criteres_Faibles,1,2500,A,2000,7.0,7ss_260_DL,R120,0.26
Criteres_Faibles,1,2500,B,3000,3.0,5s_120_DL,R60,0.12
Criteres_Faibles,1,2500,B,3000,3.5,5s_140_DL,R60,0.14
Criteres_Faibles,1,2500,B,3000,4.0,5s_150_DL,R60,0.15
Criteres_Faibles,1,2500,B,3000,4.5,5s_180_DL,R90,0.18
Criteres_Faibles,1,2500,B,3000,5.0,5s_200_DL,R90,0.2
Criteres_Faibles,1,2500,B,3000,5.5,7ss_220_DL,R120,0.22
Criteres_Faibles,1,2500,B,3000,6.0,7ss_220_DL,R90,0.22
Criteres_Faibles,1,2500,B,3000,6.5,7ss_240_DL,R120,0.24
Criteres_Faibles,1,2500,B,3000,7.0,7ss_260_DL,R120,0.26
Criteres_Faibles,1,2500,C,4000,3.0,5s_130_DL,R60,0.13
Criteres_Faibles,1,2500,C,4000,3.5,5s_140_DL,R60,0.14
Criteres_Faibles,1,2500,C,4000,4.0,5s_160_DL,R60,0.16
Criteres_Faibles,1,2500,C,4000,4.5,5s_190_DL,R90,0.19
Criteres_Faibles,1,2500,C,4000,5.0,7ss_200_DL,R90,0.2
Criteres_Faibles,1,2500,C,4000,5.5,7ss_220_DL,R90,0.22
Criteres_Faibles,1,2500,C,4000,6.0,7ss_240_DL,R120,0.24
Criteres_Faibles,1,2500,C,4000,6.5,7ss_260_DL,R120,0.26
Criteres_Faibles,1,2500,C,4000,7.0,8ss_300_DL,R120,0.3
Criteres_Faibles,1,2500,C,5000,3.0,5s_130_DL,R60,0.13
Criteres_Faibles,1,2500,C,5000,3.5,5s_150_DL,R60,0.15
Criteres_Faibles,1,2500,C,5000,4.0,5s_180_DL,R90,0.18
Criteres_Faibles,1,2500,C,5000,4.5,5s_200_DL,R90,0.2
Criteres_Faibles,1,2500,C,5000,5.0,7ss_220_DL,R120,0.22
Criteres_Faibles,1,2500,C,5000,5.5,7ss_240_DL,R120,0.24
Criteres_Faibles,1,2500,C,5000,6.0,7ss_260_DL,R120,0.26
Criteres_Faibles,1,2500,C,5000,6.5,7ss_280_DL,R120,0.28
Criteres_Faibles,1,2500,C,5000,7.0,8ss_300_DL,R120,0.3
Criteres_Faibles,1,3000,A,2000,3.0,5s_120_DL,R60,0.12
Criteres_Faibles,1,3000,A,2000,3.5,5s_130_DL,R60,0.13
Criteres_Faibles,1,3000,A,2000,4.0,5s_150_DL,R60,0.15
Criteres_Faibles,1,3000,A,2000,4.5,5s_170_DL,R90,0.17
Criteres_Faibles,1,3000,A,2000,5.0,5s_200_DL,R90,0.2
Criteres_Faibles,1,3000,A,2000,5.5,7ss_200_DL,R90,0.2
Criteres_Faibles,1,3000,A,2000,6.0,7ss_220_DL,R90,0.22
Criteres_Faibles,1,3000,A,2000,6.5,7ss_240_DL,R120,0.24
Criteres_Faibles,1,3000,A,2000,7.0,7ss_260_DL,R120,0.26
Criteres_Faibles,1,3000,B,3000,3.0,5s_120_DL,R60,0.12
Criteres_Faibles,1,3000,B,3000,3.5,5s_140_DL,R60,0.14
Criteres_Faibles,1,3000,B,3000,4.0,5s_160_DL,R60,0.16
Criteres_Faibles,1,3000,B,3000,4.5,5s_180_DL,R90,0.18
Criteres_Faibles,1,3000,B,3000,5.0,7ss_200_DL,R90,0.2
Criteres_Faibles,1,3000,B,3000,5.5,7ss_220_DL,R120,0.22
Criteres_Faibles,1,3000,B,3000,6.0,7ss_240_DL,R120,0.24
Criteres_Faibles,1,3000,B,3000,6.5,7ss_260_DL,R120,0.26
Criteres_Faibles,1,3000,B,3000,7.0,7ss_280_DL,R120,0.28
Criteres_Faibles,1,3000,C,4000,3.0,5s_130_DL,R60,0.13
Criteres_Faibles,1,3000,C,4000,3.5,5s_150_DL,R60,0.15
Criteres_Faibles,1,3000,C,4000,4.0,5s_170_DL,R90,0.17
Criteres_Faibles,1,3000,C,4000,4.5,5s_200_DL,R90,0.2
Criteres_Faibles,1,3000,C,4000,5.0,7ss_220_DL,R120,0.22
Criteres_Faibles,1,3000,C,4000,5.5,7ss_240_DL,R120,0.24
Criteres_Faibles,1,3000,C,4000,6.0,7ss_260_DL,R120,0.26
Criteres_Faibles,1,3000,C,4000,6.5,7ss_280_DL,R120,0.28
Criteres_Faibles,1,3000,C,4000,7.0,8ss_300_DL,R120,0.3
Criteres_Faibles,1,3000,C,5000,3.0,5s_140_DL,R60,0.14
Criteres_Faibles,1,3000,C,5000,3.5,5s_150_DL,R60,0.15
Criteres_Faibles,1,3000,C,5000,4.0,5s_180_DL,R90,0.18
Criteres_Faibles,1,3000,C,5000,4.5,7ss_200_DL,R90,0.2
Criteres_Faibles,1,3000,C,5000,5.0,7ss_220_DL,R120,0.22
Criteres_Faibles,1,3000,C,5000,5.5,7ss_240_DL,R120,0.24
Criteres_Faibles,1,3000,C,5000,6.0,7ss_260_DL,R120,0.26
Criteres_Faibles,1,3000,C,5000,6.5,8ss_300_DL,R120,0.3
Criteres_Faibles,1,3000,C,5000,7.0,8ss_300_DL,R120,0.3
Criteres_Eleves_Chape_Humide,2,1500,A,2000,3.0,5s_100_DL,R30,0.1
Criteres_Eleves_Chape_Humide,2,1500,A,2000,3.5,5s_120_DL,R60,0.12
Criteres_Eleves_Chape_Humide,2,1500,A,2000,4.0,5s_130_DL,R60,0.13
Criteres_Eleves_Chape_Humide,2,1500,A,2000,4.5,5s_140_DL,R60,0.14
Criteres_Eleves_Chape_Humide,2,1500,A,2000,5.0,5s_160_DL,R60,0.16
Criteres_Eleves_Chape_Humide,2,1500,A,2000,5.5,5s_180_DL,R90,0.18
Criteres_Eleves_Chape_Humide,2,1500,A,2000,6.0,5s_200_DL,R90,0.2
Criteres_Eleves_Chape_Humide,2,1500,A,2000,6.5,7ss_220_DL,R120,0.22
Criteres_Eleves_Chape_Humide,2,1500,A,2000,7.0,7ss_240_DL,R120,0.24
Criteres_Eleves_Chape_Humide,2,1500,B,3000,3.0,5s_110_DL,R60,0.11
Criteres_Eleves_Chape_Humide,2,1500,B,3000,3.5,5s_120_DL,R60,0.12
Criteres_Eleves_Chape_Humide,2,1500,B,3000,4.0,5s_140_DL,R60,0.14
Criteres_Eleves_Chape_Humide,2,1500,B,3000,4.5,5s_150_DL,R60,0.15
Criteres_Eleves_Chape_Humide,2,1500,B,3000,5.0,5s_170_DL,R90,0.17
Criteres_Eleves_Chape_Humide,2,1500,B,3000,5.5,5s_200_DL,R90,0.2
Criteres_Eleves_Chape_Humide,2,1500,B,3000,6.0,7ss_200_DL,R90,0.2
Criteres_Eleves_Chape_Humide,2,1500,B,3000,6.5,7ss_220_DL,R120,0.22
Criteres_Eleves_Chape_Humide,2,1500,B,3000,7.0,7ss_240_DL,R120,0.24
Criteres_Eleves_Chape_Humide,2,1500,C,4000,3.0,5s_120_DL,R60,0.12
Criteres_Eleves_Chape_Humide,2,1500,C,4000,3.5,5s_130_DL,R60,0.13
Criteres_Eleves_Chape_Humide,2,1500,C,4000,4.0,5s_150_DL,R60,0.15
Criteres_Eleves_Chape_Humide,2,1500,C,4000,4.5,5s_170_DL,R90,0.17
Criteres_Eleves_Chape_Humide,2,1500,C,4000,5.0,5s_200_DL,R90,0.2
Criteres_Eleves_Chape_Humide,2,1500,C,4000,5.5,7ss_220_DL,R120,0.22
Criteres_Eleves_Chape_Humide,2,1500,C,4000,6.0,7ss_240_DL,R120,0.24
Criteres_Eleves_Chape_Humide,2,1500,C,4000,6.5,7ss_260_DL,R120,0.26
Criteres_Eleves_Chape_Humide,2,1500,C,4000,7.0,7ss_280_DL,R120,0.28
Criteres_Eleves_Chape_Humide,2,1500,C,5000,3.0,5s_120_DL,R60,0.12
Criteres_Eleves_Chape_Humide,2,1500,C,5000,3.5,5s_140_DL,R60,0.14
Criteres_Eleves_Chape_Humide,2,1500,C,5000,4.0,5s_160_DL,R60,0.16
Criteres_Eleves_Chape_Humide,2,1500,C,5000,4.5,5s_180_DL,R90,0.18
Criteres_Eleves_Chape_Humide,2,1500,C,5000,5.0,7ss_200_DL,R90,0.2
Criteres_Eleves_Chape_Humide,2,1500,C,5000,5.5,7ss_220_DL,R120,0.22
Criteres_Eleves_Chape_Humide,2,1500,C,5000,6.0,7ss_240_DL,R120,0.24
Criteres_Eleves_Chape_Humide,2,1500,C,5000,6.5,7ss_280_DL,R120,0.28
Criteres_Eleves_Chape_Humide,2,1500,C,5000,7.0,8ss_300_DL,R120,0.3
Criteres_Eleves_Chape_Humide,2,2000,A,2000,3.0,5s_100_DL,R30,0.1
Criteres_Eleves_Chape_Humide,2,2000,A,2000,3.5,5s_120_DL,R60,0.12
Criteres_Eleves_Chape_Humide,2,2000,A,2000,4.0,5s_130_DL,R60,0.13
Criteres_Eleves_Chape_Humide,2,2000,A,2000,4.5,5s_150_DL,R60,0.15
Criteres_Eleves_Chape_Humide,2,2000,A,2000,5.0,5s_160_DL,R60,0.16
Criteres_Eleves_Chape_Humide,2,2000,A,2000,5.5,5s_190_DL,R90,0.19
Criteres_Eleves_Chape_Humide,2,2000,A,2000,6.0,7ss_200_DL,R90,0.2
Criteres_Eleves_Chape_Humide,2,2000,A,2000,6.5,7ss_240_DL,R120,0.24
Criteres_Eleves_Chape_Humide,2,2000,A,2000,7.0,7ss_240_DL,R120,0.24
Criteres_Eleves_Chape_Humide,2,2000,B,3000,3.0,5s_110_DL,R60,0.11
Criteres_Eleves_Chape_Humide,2,2000,B,3000,3.5,5s_130_DL,R60,0.13
Criteres_Eleves_Chape_Humide,2,2000,B,3000,4.0,5s_140_DL,R60,0.14
Criteres_Eleves_Chape_Humide,2,2000,B,3000,4.5,5s_160_DL,R60,0.16
Criteres_Eleves_Chape_Humide,2,2000,B,3000,5.0,5s_180_DL,R90,0.18
Criteres_Eleves_Chape_Humide,2,2000,B,3000,5.5,7ss_200_DL,R90,0.2
Criteres_Eleves_Chape_Humide,2,2000,B,3000,6.0,7ss_220_DL,R120,0.22
Criteres_Eleves_Chape_Humide,2,2000,B,3000,6.5,7ss_240_DL,R120,0.24
Criteres_Eleves_Chape_Humide,2,2000,B,3000,7.0,7ss_260_DL,R120,0.26
Criteres_Eleves_Chape_Humide,2,2000,C,4000,3.0,5s_120_DL,R60,0.12
Criteres_Eleves_Chape_Humide,2,2000,C,4000,3.5,5s_140_DL,R60,0.14
Criteres_Eleves_Chape_Humide,2,2000,C,4000,4.0,5s_150_DL,R60,0.15
Criteres_Eleves_Chape_Humide,2,2000,C,4000,4.5,5s_180_DL,R90,0.18
Criteres_Eleves_Chape_Humide,2,2000,C,4000,5.0,5s_200_DL,R90,0.2
Criteres_Eleves_Chape_Humide,2,2000,C,4000,5.5,7ss_220_DL,R120,0.22
Criteres_Eleves_Chape_Humide,2,2000,C,4000,6.0,7ss_240_DL,R120,0.24
Criteres_Eleves_Chape_Humide,2,2000,C,4000,6.5,7ss_260_DL,R120,0.26
Criteres_Eleves_Chape_Humide,2,2000,C,4000,7.0,8ss_300_DL,R120,0.3
Criteres_Eleves_Chape_Humide,2,2000,C,5000,3.0,5s_130_DL,R60,0.13
Criteres_Eleves_Chape_Humide,2,2000,C,5000,3.5,5s_140_DL,R60,0.14
Criteres_Eleves_Chape_Humide,2,2000,C,5000,4.0,5s_160_DL,R60,0.16
Criteres_Eleves_Chape_Humide,2,2000,C,5000,4.5,5s_190_DL,R90,0.19
Criteres_Eleves_Chape_Humide,2,2000,C,5000,5.0,7ss_200_DL,R90,0.2
Criteres_Eleves_Chape_Humide,2,2000,C,5000,5.5,7ss_220_DL,R120,0.22
Criteres_Eleves_Chape_Humide,2,2000,C,5000,6.0,7ss_240_DL,R120,0.24
Criteres_Eleves_Chape_Humide,2,2000,C,5000,6.5,7ss_280_DL,R120,0.28
Criteres_Eleves_Chape_Humide,2,2000,C,5000,7.0,8ss_300_DL,R120,0.3
Criteres_Eleves_Chape_Humide,2,2500,A,2000,3.0,5s_110_DL,R60,0.11
Criteres_Eleves_Chape_Humide,2,2500,A,2000,3.5,5s_120_DL,R60,0.12
Criteres_Eleves_Chape_Humide,2,2500,A,2000,4.0,5s_140_DL,R60,0.14
Criteres_Eleves_Chape_Humide,2,2500,A,2000,4.5,5s_150_DL,R60,0.15
Criteres_Eleves_Chape_Humide,2,2500,A,2000,5.0,5s_180_DL,R90,0.18
Criteres_Eleves_Chape_Humide,2,2500,A,2000,5.5,5s_200_DL,R90,0.2
Criteres_Eleves_Chape_Humide,2,2500,A,2000,6.0,7ss_220_DL,R120,0.22
Criteres_Eleves_Chape_Humide,2,2500,A,2000,6.5,7ss_240_DL,R120,0.24
Criteres_Eleves_Chape_Humide,2,2500,A,2000,7.0,7ss_260_DL,R120,0.26
Criteres_Eleves_Chape_Humide,2,2500,B,3000,3.0,5s_120_DL,R60,0.12
Criteres_Eleves_Chape_Humide,2,2500,B,3000,3.5,5s_130_DL,R60,0.13
Criteres_Eleves_Chape_Humide,2,2500,B,3000,4.0,5s_150_DL,R60,0.15
Criteres_Eleves_Chape_Humide,2,2500,B,3000,4.5,5s_160_DL,R60,0.16
Criteres_Eleves_Chape_Humide,2,2500,B,3000,5.0,5s_190_DL,R90,0.19
Criteres_Eleves_Chape_Humide,2,2500,B,3000,5.5,7ss_200_DL,R90,0.2
Criteres_Eleves_Chape_Humide,2,2500,B,3000,6.0,7ss_220_DL,R120,0.22
Criteres_Eleves_Chape_Humide,2,2500,B,3000,6.5,7ss_240_DL,R120,0.24
Criteres_Eleves_Chape_Humide,2,2500,B,3000,7.0,7ss_280_DL,R120,0.28
Criteres_Eleves_Chape_Humide,2,2500,C,4000,3.0,5s_120_DL,R60,0.12
Criteres_Eleves_Chape_Humide,2,2500,C,4000,3.5,5s_140_DL,R60,0.14
Criteres_Eleves_Chape_Humide,2,2500,C,4000,4.0,5s_160_DL,R60,0.16
Criteres_Eleves_Chape_Humide,2,2500,C,4000,4.5,5s_180_DL,R90,0.18
Criteres_Eleves_Chape_Humide,2,2500,C,4000,5.0,7ss_200_DL,R90,0.2
Criteres_Eleves_Chape_Humide,2,2500,C,4000,5.5,7ss_220_DL,R120,0.22
Criteres_Eleves_Chape_Humide,2,2500,C,4000,6.0,7ss_240_DL,R120,0.24
Criteres_Eleves_Chape_Humide,2,2500,C,4000,6.5,7ss_280_DL,R120,0.28
Criteres_Eleves_Chape_Humide,2,2500,C,4000,7.0,8ss_300_DL,R120,0.3
Criteres_Eleves_Chape_Humide,2,2500,C,5000,3.0,5s_130_DL,R60,0.13
Criteres_Eleves_Chape_Humide,2,2500,C,5000,3.5,5s_150_DL,R60,0.15
Criteres_Eleves_Chape_Humide,2,2500,C,5000,4.0,5s_170_DL,R90,0.17
Criteres_Eleves_Chape_Humide,2,2500,C,5000,4.5,5s_200_DL,R90,0.2
Criteres_Eleves_Chape_Humide,2,2500,C,5000,5.0,7ss_200_DL,R90,0.2
Criteres_Eleves_Chape_Humide,2,2500,C,5000,5.5,7ss_240_DL,R120,0.24
Criteres_Eleves_Chape_Humide,2,2500,C,5000,6.0,7ss_260_DL,R120,0.26
Criteres_Eleves_Chape_Humide,2,2500,C,5000,6.5,8ss_300_DL,R120,0.3
Criteres_Eleves_Chape_Humide,2,2500,C,5000,7.0,8ss_300_DL,R120,0.3
Criteres_Eleves_Chape_Humide,2,3000,A,2000,3.0,5s_110_DL,R60,0.11
Criteres_Eleves_Chape_Humide,2,3000,A,2000,3.5,5s_130_DL,R60,0.13
Criteres_Eleves_Chape_Humide,2,3000,A,2000,4.0,5s_140_DL,R60,0.14
Criteres_Eleves_Chape_Humide,2,3000,A,2000,4.5,5s_160_DL,R60,0.16
Criteres_Eleves_Chape_Humide,2,3000,A,2000,5.0,5s_180_DL,R90,0.18
Criteres_Eleves_Chape_Humide,2,3000,A,2000,5.5,7ss_200_DL,R90,0.2
Criteres_Eleves_Chape_Humide,2,3000,A,2000,6.0,7ss_220_DL,R120,0.22
Criteres_Eleves_Chape_Humide,2,3000,A,2000,6.5,7ss_240_DL,R120,0.24
Criteres_Eleves_Chape_Humide,2,3000,A,2000,7.0,7ss_260_DL,R120,0.26
Criteres_Eleves_Chape_Humide,2,3000,B,3000,3.0,5s_120_DL,R60,0.12
Criteres_Eleves_Chape_Humide,2,3000,B,3000,3.5,5s_130_DL,R60,0.13
Criteres_Eleves_Chape_Humide,2,3000,B,3000,4.0,5s_150_DL,R60,0.15
Criteres_Eleves_Chape_Humide,2,3000,B,3000,4.5,5s_170_DL,R90,0.17
Criteres_Eleves_Chape_Humide,2,3000,B,3000,5.0,5s_200_DL,R90,0.2
Criteres_Eleves_Chape_Humide,2,3000,B,3000,5.5,7ss_200_DL,R90,0.2
Criteres_Eleves_Chape_Humide,2,3000,B,3000,6.0,7ss_220_DL,R120,0.22
Criteres_Eleves_Chape_Humide,2,3000,B,3000,6.5,7ss_260_DL,R120,0.26
Criteres_Eleves_Chape_Humide,2,3000,B,3000,7.0,7ss_280_DL,R120,0.28
Criteres_Eleves_Chape_Humide,2,3000,C,4000,3.0,5s_130_DL,R60,0.13
Criteres_Eleves_Chape_Humide,2,3000,C,4000,3.5,5s_140_DL,R60,0.14
Criteres_Eleves_Chape_Humide,2,3000,C,4000,4.0,5s_160_DL,R60,0.16
Criteres_Eleves_Chape_Humide,2,3000,C,4000,4.5,5s_190_DL,R90,0.19
Criteres_Eleves_Chape_Humide,2,3000,C,4000,5.0,7ss_200_DL,R90,0.2
Criteres_Eleves_Chape_Humide,2,3000,C,4000,5.5,7ss_220_DL,R120,0.22
Criteres_Eleves_Chape_Humide,2,3000,C,4000,6.0,7ss_240_DL,R120,0.24
Criteres_Eleves_Chape_Humide,2,3000,C,4000,6.5,7ss_280_DL,R120,0.28
Criteres_Eleves_Chape_Humide,2,3000,C,4000,7.0,8ss_300_DL,R120,0.3
Criteres_Eleves_Chape_Humide,2,3000,C,5000,3.0,5s_130_DL,R60,0.13
Criteres_Eleves_Chape_Humide,2,3000,C,5000,3.5,5s_150_DL,R60,0.15
Criteres_Eleves_Chape_Humide,2,3000,C,5000,4.0,5s_180_DL,R90,0.18
Criteres_Eleves_Chape_Humide,2,3000,C,5000,4.5,5s_200_DL,R90,0.2
Criteres_Eleves_Chape_Humide,2,3000,C,5000,5.0,7ss_220_DL,R120,0.22
Criteres_Eleves_Chape_Humide,2,3000,C,5000,5.5,7ss_240_DL,R120,0.24
Criteres_Eleves_Chape_Humide,2,3000,C,5000,6.0,7ss_260_DL,R120,0.26
Criteres_Eleves_Chape_Humide,2,3000,C,5000,6.5,8ss_300_DL,R120,0.3
Criteres_Eleves_Chape_Humide,2,3000,C,5000,7.0,8ss_320_DL,R120,0.32
Criteres_Eleves_Chape_Humide,2,3500,A,2000,3.0,5s_120_DL,R60,0.12
Criteres_Eleves_Chape_Humide,2,3500,A,2000,3.5,5s_130_DL,R60,0.13
Criteres_Eleves_Chape_Humide,2,3500,A,2000,4.0,5s_150_DL,R60,0.15
Criteres_Eleves_Chape_Humide,2,3500,A,2000,4.5,5s_160_DL,R60,0.16
Criteres_Eleves_Chape_Humide,2,3500,A,2000,5.0,5s_190_DL,R90,0.19
Criteres_Eleves_Chape_Humide,2,3500,A,2000,5.5,7ss_200_DL,R90,0.2
Criteres_Eleves_Chape_Humide,2,3500,A,2000,6.0,7ss_220_DL,R120,0.22
Criteres_Eleves_Chape_Humide,2,3500,A,2000,6.5,7ss_240_DL,R120,0.24
Criteres_Eleves_Chape_Humide,2,3500,A,2000,7.0,7ss_280_DL,R120,0.28
Criteres_Eleves_Chape_Humide,2,3500,B,3000,3.0,5s_120_DL,R60,0.12
Criteres_Eleves_Chape_Humide,2,3500,B,3000,3.5,5s_140_DL,R60,0.14
Criteres_Eleves_Chape_Humide,2,3500,B,3000,4.0,5s_150_DL,R60,0.15
Criteres_Eleves_Chape_Humide,2,3500,B,3000,4.5,5s_180_DL,R60,0.18
Criteres_Eleves_Chape_Humide,2,3500,B,3000,5.0,5s_200_DL,R90,0.2
Criteres_Eleves_Chape_Humide,2,3500,B,3000,5.5,7ss_220_DL,R120,0.22
Criteres_Eleves_Chape_Humide,2,3500,B,3000,6.0,7ss_240_DL,R120,0.24
Criteres_Eleves_Chape_Humide,2,3500,B,3000,6.5,7ss_260_DL,R120,0.26
Criteres_Eleves_Chape_Humide,2,3500,B,3000,7.0,8ss_300_DL,R120,0.3
Criteres_Eleves_Chape_Humide,2,3500,C,4000,3.0,5s_130_DL,R60,0.13
Criteres_Eleves_Chape_Humide,2,3500,C,4000,3.5,5s_150_DL,R60,0.15
Criteres_Eleves_Chape_Humide,2,3500,C,4000,4.0,5s_170_DL,R90,0.17
Criteres_Eleves_Chape_Humide,2,3500,C,4000,4.5,5s_200_DL,R90,0.2
Criteres_Eleves_Chape_Humide,2,3500,C,4000,5.0,7ss_200_DL,R90,0.2
Criteres_Eleves_Chape_Humide,2,3500,C,4000,5.5,7ss_240_DL,R120,0.24
Criteres_Eleves_Chape_Humide,2,3500,C,4000,6.0,7ss_260_DL,R120,0.26
Criteres_Eleves_Chape_Humide,2,3500,C,4000,6.5,8ss_300_DL,R120,0.3
Criteres_Eleves_Chape_Humide,2,3500,C,4000,7.0,8ss_320_DL,R120,0.32
Criteres_Eleves_Chape_Humide,2,3500,C,5000,3.0,5s_130_DL,R60,0.13
Criteres_Eleves_Chape_Humide,2,3500,C,5000,3.5,5s_150_DL,R60,0.15
Criteres_Eleves_Chape_Humide,2,3500,C,5000,4.0,5s_180_DL,R90,0.18
Criteres_Eleves_Chape_Humide,2,3500,C,5000,4.5,7ss_200_DL,R90,0.2
Criteres_Eleves_Chape_Humide,2,3500,C,5000,5.0,7ss_220_DL,R120,0.22
Criteres_Eleves_Chape_Humide,2,3500,C,5000,5.5,7ss_240_DL,R120,0.24
Criteres_Eleves_Chape_Humide,2,3500,C,5000,6.0,7ss_280_DL,R120,0.28
Criteres_Eleves_Chape_Humide,2,3500,C,5000,6.5,8ss_300_DL,R120,0.3
Criteres_Eleves_Chape_Humide,2,3500,C,5000,7.0,,R120,
Criteres_Eleves_Chape_seche,2,1000,A,2000,3.0,5s_120_DL,R60,0.12
Criteres_Eleves_Chape_seche,2,1000,A,2000,3.5,5s_130_DL,R60,0.13
Criteres_Eleves_Chape_seche,2,1000,A,2000,4.0,5s_150_DL,R60,0.15
Criteres_Eleves_Chape_seche,2,1000,A,2000,4.5,5s_160_DL,R60,0.16
Criteres_Eleves_Chape_seche,2,1000,A,2000,5.0,5s_170_DL,R90,0.17
Criteres_Eleves_Chape_seche,2,1000,A,2000,5.5,5s_180_DL,R90,0.18
Criteres_Eleves_Chape_seche,2,1000,A,2000,6.0,5s_190_DL,R90,0.19
Criteres_Eleves_Chape_seche,2,1000,A,2000,6.5,7ss_240_DL,R120,0.24
Criteres_Eleves_Chape_seche,2,1000,A,2000,7.0,7ss_260_DL,R120,0.26
Criteres_Eleves_Chape_seche,2,1000,B,3000,3.0,5s_120_DL,R60,0.12
Criteres_Eleves_Chape_seche,2,1000,B,3000,3.5,5s_130_DL,R60,0.13
Criteres_Eleves_Chape_seche,2,1000,B,3000,4.0,5s_150_DL,R60,0.15
Criteres_Eleves_Chape_seche,2,1000,B,3000,4.5,5s_160_DL,R60,0.16
Criteres_Eleves_Chape_seche,2,1000,B,3000,5.0,5s_170_DL,R90,0.17
Criteres_Eleves_Chape_seche,2,1000,B,3000,5.5,5s_190_DL,R90,0.19
Criteres_Eleves_Chape_seche,2,1000,B,3000,6.0,7ss_200_DL,R90,0.2
Criteres_Eleves_Chape_seche,2,1000,B,3000,6.5,7ss_240_DL,R120,0.24
Criteres_Eleves_Chape_seche,2,1000,B,3000,7.0,7ss_260_DL,R120,0.26
Criteres_Eleves_Chape_seche,2,1000,C,4000,3.0,5s_120_DL,R60,0.12
Criteres_Eleves_Chape_seche,2,1000,C,4000,3.5,5s_130_DL,R60,0.13
Criteres_Eleves_Chape_seche,2,1000,C,4000,4.0,5s_150_DL,R60,0.15
Criteres_Eleves_Chape_seche,2,1000,C,4000,4.5,5s_160_DL,R60,0.16
Criteres_Eleves_Chape_seche,2,1000,C,4000,5.0,5s_190_DL,R90,0.19
Criteres_Eleves_Chape_seche,2,1000,C,4000,5.5,7ss_200_DL,R90,0.2
Criteres_Eleves_Chape_seche,2,1000,C,4000,6.0,7ss_220_DL,R120,0.22
Criteres_Eleves_Chape_seche,2,1000,C,4000,6.5,7ss_240_DL,R120,0.24
Criteres_Eleves_Chape_seche,2,1000,C,4000,7.0,7ss_280_DL,R120,0.28
Criteres_Eleves_Chape_seche,2,1000,C,5000,3.0,5s_120_DL,R60,0.12
Criteres_Eleves_Chape_seche,2,1000,C,5000,3.5,5s_140_DL,R60,0.14
Criteres_Eleves_Chape_seche,2,1000,C,5000,4.0,5s_150_DL,R60,0.15
Criteres_Eleves_Chape_seche,2,1000,C,5000,4.5,5s_180_DL,R90,0.18
Criteres_Eleves_Chape_seche,2,1000,C,5000,5.0,5s_200_DL,R90,0.2
Criteres_Eleves_Chape_seche,2,1000,C,5000,5.5,7ss_220_DL,R120,0.22
Criteres_Eleves_Chape_seche,2,1000,C,5000,6.0,7ss_240_DL,R120,0.24
Criteres_Eleves_Chape_seche,2,1000,C,5000,6.5,7ss_260_DL,R120,0.26
Criteres_Eleves_Chape_seche,2,1000,C,5000,7.0,8ss_300_DL,R120,0.3
Criteres_Eleves_Chape_seche,2,1500,A,2000,3.0,5s_120_DL,R60,0.12
Criteres_Eleves_Chape_seche,2,1500,A,2000,3.5,5s_130_DL,R60,0.13
Criteres_Eleves_Chape_seche,2,1500,A,2000,4.0,5s_150_DL,R60,0.15
Criteres_Eleves_Chape_seche,2,1500,A,2000,4.5,5s_160_DL,R60,0.16
Criteres_Eleves_Chape_seche,2,1500,A,2000,5.0,5s_170_DL,R90,0.17
Criteres_Eleves_Chape_seche,2,1500,A,2000,5.5,5s_180_DL,R90,0.18
Criteres_Eleves_Chape_seche,2,1500,A,2000,6.0,5s_200_DL,R90,0.2
Criteres_Eleves_Chape_seche,2,1500,A,2000,6.5,7ss_260_DL,R120,0.26
Criteres_Eleves_Chape_seche,2,1500,A,2000,7.0,7ss_260_DL,R120,0.26
Criteres_Eleves_Chape_seche,2,1500,B,3000,3.0,5s_120_DL,R60,0.12
Criteres_Eleves_Chape_seche,2,1500,B,3000,3.5,5s_130_DL,R60,0.13
Criteres_Eleves_Chape_seche,2,1500,B,3000,4.0,5s_150_DL,R60,0.15
Criteres_Eleves_Chape_seche,2,1500,B,3000,4.5,5s_160_DL,R60,0.16
Criteres_Eleves_Chape_seche,2,1500,B,3000,5.0,5s_170_DL,R90,0.17
Criteres_Eleves_Chape_seche,2,1500,B,3000,5.5,5s_200_DL,R90,0.2
Criteres_Eleves_Chape_seche,2,1500,B,3000,6.0,7ss_200_DL,R90,0.2
Criteres_Eleves_Chape_seche,2,1500,B,3000,6.5,7ss_260_DL,R120,0.26
Criteres_Eleves_Chape_seche,2,1500,B,3000,7.0,7ss_260_DL,R120,0.26
Criteres_Eleves_Chape_seche,2,1500,C,4000,3.0,5s_120_DL,R60,0.12
Criteres_Eleves_Chape_seche,2,1500,C,4000,3.5,5s_130_DL,R60,0.13
Criteres_Eleves_Chape_seche,2,1500,C,4000,4.0,5s_150_DL,R60,0.15
Criteres_Eleves_Chape_seche,2,1500,C,4000,4.5,5s_170_DL,R90,0.17
Criteres_Eleves_Chape_seche,2,1500,C,4000,5.0,5s_200_DL,R90,0.2
Criteres_Eleves_Chape_seche,2,1500,C,4000,5.5,7ss_220_DL,R120,0.22
Criteres_Eleves_Chape_seche,2,1500,C,4000,6.0,7ss_240_DL,R120,0.24
Criteres_Eleves_Chape_seche,2,1500,C,4000,6.5,7ss_260_DL,R120,0.26
Criteres_Eleves_Chape_seche,2,1500,C,4000,7.0,7ss_280_DL,R120,0.28
Criteres_Eleves_Chape_seche,2,1500,C,5000,3.0,5s_120_DL,R60,0.12
Criteres_Eleves_Chape_seche,2,1500,C,5000,3.5,5s_140_DL,R60,0.14
Criteres_Eleves_Chape_seche,2,1500,C,5000,4.0,5s_160_DL,R60,0.16
Criteres_Eleves_Chape_seche,2,1500,C,5000,4.5,5s_180_DL,R90,0.18
Criteres_Eleves_Chape_seche,2,1500,C,5000,5.0,7ss_200_DL,R90,0.2
Criteres_Eleves_Chape_seche,2,1500,C,5000,5.5,7ss_220_DL,R120,0.22
Criteres_Eleves_Chape_seche,2,1500,C,5000,6.0,7ss_240_DL,R120,0.24
Criteres_Eleves_Chape_seche,2,1500,C,5000,6.5,7ss_280_DL,R120,0.28
Criteres_Eleves_Chape_seche,2,1500,C,5000,7.0,8ss_300_DL,R120,0.3
Criteres_Eleves_Chape_seche,2,2000,A,2000,3.0,5s_120_DL,R60,0.12
Criteres_Eleves_Chape_seche,2,2000,A,2000,3.5,5s_130_DL,R60,0.13
Criteres_Eleves_Chape_seche,2,2000,A,2000,4.0,5s_150_DL,R60,0.15
Criteres_Eleves_Chape_seche,2,2000,A,2000,4.5,5s_160_DL,R60,0.16
Criteres_Eleves_Chape_seche,2,2000,A,2000,5.0,5s_170_DL,R90,0.17
Criteres_Eleves_Chape_seche,2,2000,A,2000,5.5,5s_190_DL,R90,0.19
Criteres_Eleves_Chape_seche,2,2000,A,2000,6.0,7ss_240_DL,R120,0.24
Criteres_Eleves_Chape_seche,2,2000,A,2000,6.5,7ss_260_DL,R120,0.26
Criteres_Eleves_Chape_seche,2,2000,A,2000,7.0,7ss_260_DL,R120,0.26
Criteres_Eleves_Chape_seche,2,2000,B,3000,3.0,5s_120_DL,R60,0.12
Criteres_Eleves_Chape_seche,2,2000,B,3000,3.5,5s_130_DL,R60,0.13
Criteres_Eleves_Chape_seche,2,2000,B,3000,4.0,5s_150_DL,R60,0.15
Criteres_Eleves_Chape_seche,2,2000,B,3000,4.5,5s_160_DL,R60,0.16
Criteres_Eleves_Chape_seche,2,2000,B,3000,5.0,5s_180_DL,R90,0.18
Criteres_Eleves_Chape_seche,2,2000,B,3000,5.5,7ss_200_DL,R90,0.2
Criteres_Eleves_Chape_seche,2,2000,B,3000,6.0,7ss_240_DL,R120,0.24
Criteres_Eleves_Chape_seche,2,2000,B,3000,6.5,7ss_260_DL,R120,0.26
Criteres_Eleves_Chape_seche,2,2000,B,3000,7.0,7ss_260_DL,R120,0.26
Criteres_Eleves_Chape_seche,2,2000,C,4000,3.0,5s_120_DL,R60,0.12
Criteres_Eleves_Chape_seche,2,2000,C,4000,3.5,5s_140_DL,R60,0.14
Criteres_Eleves_Chape_seche,2,2000,C,4000,4.0,5s_150_DL,R60,0.15
Criteres_Eleves_Chape_seche,2,2000,C,4000,4.5,5s_180_DL,R90,0.18
Criteres_Eleves_Chape_seche,2,2000,C,4000,5.0,5s_200_DL,R90,0.2
Criteres_Eleves_Chape_seche,2,2000,C,4000,5.5,7ss_220_DL,R120,0.22
Criteres_Eleves_Chape_seche,2,2000,C,4000,6.0,7ss_240_DL,R120,0.24
Criteres_Eleves_Chape_seche,2,2000,C,4000,6.5,7ss_260_DL,R120,0.26
Criteres_Eleves_Chape_seche,2,2000,C,4000,7.0,8ss_300_DL,R120,0.3
Criteres_Eleves_Chape_seche,2,2000,C,5000,3.0,5s_130_DL,R60,0.13
Criteres_Eleves_Chape_seche,2,2000,C,5000,3.5,5s_140_DL,R60,0.14
Criteres_Eleves_Chape_seche,2,2000,C,5000,4.0,5s_160_DL,R60,0.16
Criteres_Eleves_Chape_seche,2,2000,C,5000,4.5,5s_190_DL,R90,0.19
Criteres_Eleves_Chape_seche,2,2000,C,5000,5.0,7ss_200_DL,R90,0.2
Criteres_Eleves_Chape_seche,2,2000,C,5000,5.5,7ss_220_DL,R120,0.22
Criteres_Eleves_Chape_seche,2,2000,C,5000,6.0,7ss_240_DL,R120,0.24
Criteres_Eleves_Chape_seche,2,2000,C,5000,6.5,7ss_280_DL,R120,0.28
Criteres_Eleves_Chape_seche,2,2000,C,5000,7.0,8ss_300_DL,R120,0.3
Criteres_Eleves_Chape_seche,2,2500,A,2000,3.0,5s_120_DL,R60,0.12
Criteres_Eleves_Chape_seche,2,2500,A,2000,3.5,5s_130_DL,R60,0.13
Criteres_Eleves_Chape_seche,2,2500,A,2000,4.0,5s_150_DL,R60,0.15
Criteres_Eleves_Chape_seche,2,2500,A,2000,4.5,5s_160_DL,R60,0.16
Criteres_Eleves_Chape_seche,2,2500,A,2000,5.0,5s_180_DL,R90,0.18
Criteres_Eleves_Chape_seche,2,2500,A,2000,5.5,5s_200_DL,R90,0.2
Criteres_Eleves_Chape_seche,2,2500,A,2000,6.0,7ss_260_DL,R120,0.26
Criteres_Eleves_Chape_seche,2,2500,A,2000,6.5,7ss_260_DL,R120,0.26
Criteres_Eleves_Chape_seche,2,2500,A,2000,7.0,7ss_260_DL,R120,0.26
Criteres_Eleves_Chape_seche,2,2500,B,3000,3.0,5s_120_DL,R60,0.12
Criteres_Eleves_Chape_seche,2,2500,B,3000,3.5,5s_130_DL,R60,0.13
Criteres_Eleves_Chape_seche,2,2500,B,3000,4.0,5s_150_DL,R60,0.15
Criteres_Eleves_Chape_seche,2,2500,B,3000,4.5,5s_160_DL,R60,0.16
Criteres_Eleves_Chape_seche,2,2500,B,3000,5.0,5s_190_DL,R90,0.19
Criteres_Eleves_Chape_seche,2,2500,B,3000,5.5,7ss_200_DL,R90,0.2
Criteres_Eleves_Chape_seche,2,2500,B,3000,6.0,7ss_260_DL,R120,0.26
Criteres_Eleves_Chape_seche,2,2500,B,3000,6.5,7ss_260_DL,R120,0.26
Criteres_Eleves_Chape_seche,2,2500,B,3000,7.0,7ss_280_DL,R120,0.28
Criteres_Eleves_Chape_seche,2,2500,C,4000,3.0,5s_120_DL,R60,0.12
Criteres_Eleves_Chape_seche,2,2500,C,4000,3.5,5s_140_DL,R60,0.14
Criteres_Eleves_Chape_seche,2,2500,C,4000,4.0,5s_160_DL,R60,0.16
Criteres_Eleves_Chape_seche,2,2500,C,4000,4.5,5s_180_DL,R90,0.18
Criteres_Eleves_Chape_seche,2,2500,C,4000,5.0,7ss_200_DL,R90,0.2
Criteres_Eleves_Chape_seche,2,2500,C,4000,5.5,7ss_220_DL,R120,0.22
Criteres_Eleves_Chape_seche,2,2500,C,4000,6.0,7ss_260_DL,R120,0.26
Criteres_Eleves_Chape_seche,2,2500,C,4000,6.5,7ss_280_DL,R120,0.28
Criteres_Eleves_Chape_seche,2,2500,C,4000,7.0,8ss_300_DL,R120,0.3
Criteres_Eleves_Chape_seche,2,2500,C,5000,3.0,5s_130_DL,R60,0.13
Criteres_Eleves_Chape_seche,2,2500,C,5000,3.5,5s_150_DL,R60,0.15
Criteres_Eleves_Chape_seche,2,2500,C,5000,4.0,5s_170_DL,R90,0.17
Criteres_Eleves_Chape_seche,2,2500,C,5000,4.5,5s_200_DL,R90,0.2
Criteres_Eleves_Chape_seche,2,2500,C,5000,5.0,7ss_200_DL,R90,0.2
Criteres_Eleves_Chape_seche,2,2500,C,5000,5.5,7ss_240_DL,R120,0.24
Criteres_Eleves_Chape_seche,2,2500,C,5000,6.0,7ss_260_DL,R120,0.26
Criteres_Eleves_Chape_seche,2,2500,C,5000,6.5,8ss_300_DL,R120,0.3
Criteres_Eleves_Chape_seche,2,2500,C,5000,7.0,8ss_300_DL,R120,0.3
Criteres_Eleves_Chape_seche,2,3000,A,2000,3.0,5s_120_DL,R60,0.12
Criteres_Eleves_Chape_seche,2,3000,A,2000,3.5,5s_130_DL,R60,0.13
Criteres_Eleves_Chape_seche,2,3000,A,2000,4.0,5s_150_DL,R60,0.15
Criteres_Eleves_Chape_seche,2,3000,A,2000,4.5,5s_160_DL,R60,0.16
Criteres_Eleves_Chape_seche,2,3000,A,2000,5.0,5s_180_DL,R90,0.18
Criteres_Eleves_Chape_seche,2,3000,A,2000,5.5,7ss_240_DL,R120,0.24
Criteres_Eleves_Chape_seche,2,3000,A,2000,6.0,7ss_260_DL,R120,0.26
Criteres_Eleves_Chape_seche,2,3000,A,2000,6.5,7ss_260_DL,R120,0.26
Criteres_Eleves_Chape_seche,2,3000,A,2000,7.0,7ss_260_DL,R120,0.26
Criteres_Eleves_Chape_seche,2,3000,B,3000,3.0,5s_120_DL,R60,0.12
Criteres_Eleves_Chape_seche,2,3000,B,3000,3.5,5s_130_DL,R60,0.13
Criteres_Eleves_Chape_seche,2,3000,B,3000,4.0,5s_150_DL,R60,0.15
Criteres_Eleves_Chape_seche,2,3000,B,3000,4.5,5s_170_DL,R90,0.17
Criteres_Eleves_Chape_seche,2,3000,B,3000,5.0,5s_200_DL,R90,0.2
Criteres_Eleves_Chape_seche,2,3000,B,3000,5.5,7ss_240_DL,R120,0.24
Criteres_Eleves_Chape_seche,2,3000,B,3000,6.0,7ss_260_DL,R120,0.26
Criteres_Eleves_Chape_seche,2,3000,B,3000,6.5,7ss_260_DL,R120,0.26
Criteres_Eleves_Chape_seche,2,3000,B,3000,7.0,7ss_280_DL,R120,0.28
Criteres_Eleves_Chape_seche,2,3000,C,4000,3.0,5s_130_DL,R60,0.13
Criteres_Eleves_Chape_seche,2,3000,C,4000,3.5,5s_140_DL,R60,0.14
Criteres_Eleves_Chape_seche,2,3000,C,4000,4.0,5s_160_DL,R60,0.16
Criteres_Eleves_Chape_seche,2,3000,C,4000,4.5,5s_190_DL,R90,0.19
Criteres_Eleves_Chape_seche,2,3000,C,4000,5.0,7ss_200_DL,R90,0.2
Criteres_Eleves_Chape_seche,2,3000,C,4000,5.5,7ss_240_DL,R120,0.24
Criteres_Eleves_Chape_seche,2,3000,C,4000,6.0,7ss_260_DL,R120,0.26
Criteres_Eleves_Chape_seche,2,3000,C,4000,6.5,7ss_280_DL,R120,0.28
Criteres_Eleves_Chape_seche,2,3000,C,4000,7.0,8ss_300_DL,R120,0.3
Criteres_Eleves_Chape_seche,2,3000,C,5000,3.0,5s_130_DL,R60,0.13
Criteres_Eleves_Chape_seche,2,3000,C,5000,3.5,5s_150_DL,R60,0.15
Criteres_Eleves_Chape_seche,2,3000,C,5000,4.0,5s_180_DL,R90,0.18
Criteres_Eleves_Chape_seche,2,3000,C,5000,4.5,5s_200_DL,R90,0.2
Criteres_Eleves_Chape_seche,2,3000,C,5000,5.0,7ss_220_DL,R120,0.22
Criteres_Eleves_Chape_seche,2,3000,C,5000,5.5,7ss_240_DL,R120,0.24
Criteres_Eleves_Chape_seche,2,3000,C,5000,6.0,7ss_260_DL,R120,0.26
Criteres_Eleves_Chape_seche,2,3000,C,5000,6.5,8ss_300_DL,R120,0.3
Criteres_Eleves_Chape_seche,2,3000,C,5000,7.0,8ss_320_DL,R120,0.32
Criteres_Faibles,2,500,A,2000,3.0,s_100_DL,R30,0.1
Criteres_Faibles,2,500,A,2000,3.5,5s_100_DL,R30,0.1
Criteres_Faibles,2,500,A,2000,4.0,5s_110_DL,R60,0.11
Criteres_Faibles,2,500,A,2000,4.5,5s_130_DL,R60,0.13
Criteres_Faibles,2,500,A,2000,5.0,5s_130_DL,R60,0.13
Criteres_Faibles,2,500,A,2000,5.5,5s_150_DL,R60,0.15
Criteres_Faibles,2,500,A,2000,6.0,5s_150_DL,R60,0.15
Criteres_Faibles,2,500,A,2000,6.5,5s_170_DL,R90,0.17
Criteres_Faibles,2,500,A,2000,7.0,5s_200_DL,R90,0.2
Criteres_Faibles,2,500,B,3000,3.0,s_100_DL,R30,0.1
Criteres_Faibles,2,500,B,3000,3.5,5s_100_DL,R30,0.1
Criteres_Faibles,2,500,B,3000,4.0,5s_110_DL,R60,0.11
Criteres_Faibles,2,500,B,3000,4.5,5s_130_DL,R60,0.13
Criteres_Faibles,2,500,B,3000,5.0,5s_140_DL,R60,0.14
Criteres_Faibles,2,500,B,3000,5.5,5s_150_DL,R60,0.15
Criteres_Faibles,2,500,B,3000,6.0,5s_160_DL,R60,0.16
Criteres_Faibles,2,500,B,3000,6.5,5s_180_DL,R90,0.18
Criteres_Faibles,2,500,B,3000,7.0,5s_200_DL,R90,0.2
Criteres_Faibles,2,500,C,4000,3.0,s_100_DL,R30,0.1
Criteres_Faibles,2,500,C,4000,3.5,5s_110_DL,R60,0.11
Criteres_Faibles,2,500,C,4000,4.0,5s_130_DL,R60,0.13
Criteres_Faibles,2,500,C,4000,4.5,5s_140_DL,R60,0.14
Criteres_Faibles,2,500,C,4000,5.0,5s_150_DL,R60,0.15
Criteres_Faibles,2,500,C,4000,5.5,5s_170_DL,R90,0.17
Criteres_Faibles,2,500,C,4000,6.0,5s_190_DL,R90,0.19
Criteres_Faibles,2,500,C,4000,6.5,7ss_200_DL,R90,0.2
Criteres_Faibles,2,500,C,4000,7.0,7ss_220_DL,R120,0.22
Criteres_Faibles,2,500,C,5000,3.0,5s_110_DL,R60,0.11
Criteres_Faibles,2,500,C,5000,3.5,5s_120_DL,R60,0.12
Criteres_Faibles,2,500,C,5000,4.0,5s_130_DL,R60,0.13
Criteres_Faibles,2,500,C,5000,4.5,5s_150_DL,R60,0.15
Criteres_Faibles,2,500,C,5000,5.0,5s_170_DL,R90,0.17
Criteres_Faibles,2,500,C,5000,5.5,5s_190_DL,R90,0.19
Criteres_Faibles,2,500,C,5000,6.0,7ss_200_DL,R90,0.2
Criteres_Faibles,2,500,C,5000,6.5,7ss_220_DL,R120,0.22
Criteres_Faibles,2,500,C,5000,7.0,7ss_220_DL,R120,0.22
Criteres_Faibles,2,1000,A,2000,3.0,5s_100_DL,R30,0.1
Criteres_Faibles,2,1000,A,2000,3.5,5s_100_DL,R30,0.1
Criteres_Faibles,2,1000,A,2000,4.0,5s_110_DL,R60,0.11
Criteres_Faibles,2,1000,A,2000,4.5,5s_130_DL,R60,0.13
Criteres_Faibles,2,1000,A,2000,5.0,5s_130_DL,R60,0.13
Criteres_Faibles,2,1000,A,2000,5.5,5s_150_DL,R60,0.15
Criteres_Faibles,2,1000,A,2000,6.0,5s_170_DL,R90,0.17
Criteres_Faibles,2,1000,A,2000,6.5,5s_190_DL,R90,0.19
Criteres_Faibles,2,1000,A,2000,7.0,7ss_220_DL,R120,0.22
Criteres_Faibles,2,1000,B,3000,3.0,5s_100_DL,R30,0.1
Criteres_Faibles,2,1000,B,3000,3.5,5s_110_DL,R60,0.11
Criteres_Faibles,2,1000,B,3000,4.0,5s_120_DL,R60,0.12
Criteres_Faibles,2,1000,B,3000,4.5,5s_130_DL,R60,0.13
Criteres_Faibles,2,1000,B,3000,5.0,5s_140_DL,R60,0.14
Criteres_Faibles,2,1000,B,3000,5.5,5s_160_DL,R60,0.16
Criteres_Faibles,2,1000,B,3000,6.0,5s_170_DL,R90,0.17
Criteres_Faibles,2,1000,B,3000,6.5,5s_190_DL,R90,0.19
Criteres_Faibles,2,1000,B,3000,7.0,7ss_220_DL,R120,0.22
Criteres_Faibles,2,1000,C,4000,3.0,5s_100_DL,R30,0.1
Criteres_Faibles,2,1000,C,4000,3.5,5s_120_DL,R60,0.12
Criteres_Faibles,2,1000,C,4000,4.0,5s_130_DL,R60,0.13
Criteres_Faibles,2,1000,C,4000,4.5,5s_140_DL,R60,0.14
Criteres_Faibles,2,1000,C,4000,5.0,5s_160_DL,R60,0.16
Criteres_Faibles,2,1000,C,4000,5.5,5s_180_DL,R90,0.18
Criteres_Faibles,2,1000,C,4000,6.0,5s_200_DL,R90,0.2
Criteres_Faibles,2,1000,C,4000,6.5,7ss_200_DL,R90,0.2
Criteres_Faibles,2,1000,C,4000,7.0,7ss_220_DL,R120,0.22
Criteres_Faibles,2,1000,C,5000,3.0,5s_110_DL,R60,0.11
Criteres_Faibles,2,1000,C,5000,3.5,5s_120_DL,R60,0.12
Criteres_Faibles,2,1000,C,5000,4.0,5s_140_DL,R60,0.14
Criteres_Faibles,2,1000,C,5000,4.5,5s_150_DL,R60,0.15
Criteres_Faibles,2,1000,C,5000,5.0,5s_170_DL,R90,0.17
Criteres_Faibles,2,1000,C,5000,5.5,5s_200_DL,R90,0.2
Criteres_Faibles,2,1000,C,5000,6.0,7ss_200_DL,R90,0.2
Criteres_Faibles,2,1000,C,5000,6.5,7ss_220_DL,R120,0.22
Criteres_Faibles,2,1000,C,5000,7.0,7ss_240_DL,R120,0.24
Criteres_Faibles,2,1500,A,2000,3.0,5s_100_DL,R30,0.1
Criteres_Faibles,2,1500,A,2000,3.5,5s_100_DL,R30,0.1
Criteres_Faibles,2,1500,A,2000,4.0,5s_120_DL,R60,0.12
Criteres_Faibles,2,1500,A,2000,4.5,5s_130_DL,R60,0.13
Criteres_Faibles,2,1500,A,2000,5.0,5s_140_DL,R60,0.14
Criteres_Faibles,2,1500,A,2000,5.5,5s_160_DL,R60,0.16
Criteres_Faibles,2,1500,A,2000,6.0,5s_190_DL,R90,0.19
Criteres_Faibles,2,1500,A,2000,6.5,5s_200_DL,R90,0.2
Criteres_Faibles,2,1500,A,2000,7.0,7ss_220_DL,R120,0.22
Criteres_Faibles,2,1500,B,3000,3.0,5s_100_DL,R30,0.1
Criteres_Faibles,2,1500,B,3000,3.5,5s_110_DL,R60,0.11
Criteres_Faibles,2,1500,B,3000,4.0,5s_120_DL,R60,0.12
Criteres_Faibles,2,1500,B,3000,4.5,5s_140_DL,R60,0.14
Criteres_Faibles,2,1500,B,3000,5.0,5s_150_DL,R60,0.15
Criteres_Faibles,2,1500,B,3000,5.5,5s_160_DL,R60,0.16
Criteres_Faibles,2,1500,B,3000,6.0,5s_190_DL,R90,0.19
Criteres_Faibles,2,1500,B,3000,6.5,5s_200_DL,R90,0.2
Criteres_Faibles,2,1500,B,3000,7.0,7ss_220_DL,R120,0.22
Criteres_Faibles,2,1500,C,4000,3.0,5s_110_DL,R60,0.11
Criteres_Faibles,2,1500,C,4000,3.5,5s_120_DL,R60,0.12
Criteres_Faibles,2,1500,C,4000,4.0,5s_130_DL,R60,0.13
Criteres_Faibles,2,1500,C,4000,4.5,5s_150_DL,R60,0.15
Criteres_Faibles,2,1500,C,4000,5.0,5s_160_DL,R60,0.16
Criteres_Faibles,2,1500,C,4000,5.5,5s_190_DL,R90,0.19
Criteres_Faibles,2,1500,C,4000,6.0,7ss_200_DL,R90,0.2
Criteres_Faibles,2,1500,C,4000,6.5,7ss_220_DL,R120,0.22
Criteres_Faibles,2,1500,C,4000,7.0,7ss_220_DL,R120,0.22
Criteres_Faibles,2,1500,C,5000,3.0,5s_110_DL,R60,0.11
Criteres_Faibles,2,1500,C,5000,3.5,5s_120_DL,R60,0.12
Criteres_Faibles,2,1500,C,5000,4.0,5s_140_DL,R60,0.14
Criteres_Faibles,2,1500,C,5000,4.5,5s_160_DL,R60,0.16
Criteres_Faibles,2,1500,C,5000,5.0,5s_180_DL,R90,0.18
Criteres_Faibles,2,1500,C,5000,5.5,5s_200_DL,R90,0.2
Criteres_Faibles,2,1500,C,5000,6.0,7ss_200_DL,R90,0.2
Criteres_Faibles,2,1500,C,5000,6.5,7ss_220_DL,R120,0.22
Criteres_Faibles,2,1500,C,5000,7.0,7ss_240_DL,R120,0.24
Criteres_Faibles,2,2000,A,2000,3.0,5s_100_DL,R30,0.1
Criteres_Faibles,2,2000,A,2000,3.5,5s_110_DL,R60,0.11
Criteres_Faibles,2,2000,A,2000,4.0,5s_120_DL,R60,0.12
Criteres_Faibles,2,2000,A,2000,4.5,5s_130_DL,R60,0.13
Criteres_Faibles,2,2000,A,2000,5.0,5s_150_DL,R60,0.15
Criteres_Faibles,2,2000,A,2000,5.5,5s_180_DL,R90,0.18
Criteres_Faibles,2,2000,A,2000,6.0,5s_190_DL,R90,0.19
Criteres_Faibles,2,2000,A,2000,6.5,5s_200_DL,R90,0.2
Criteres_Faibles,2,2000,A,2000,7.0,7ss_240_DL,R120,0.24
Criteres_Faibles,2,2000,B,3000,3.0,5s_100_DL,R30,0.1
Criteres_Faibles,2,2000,B,3000,3.5,5s_110_DL,R60,0.11
Criteres_Faibles,2,2000,B,3000,4.0,5s_130_DL,R60,0.13
Criteres_Faibles,2,2000,B,3000,4.5,5s_140_DL,R60,0.14
Criteres_Faibles,2,2000,B,3000,5.0,5s_150_DL,R60,0.15
Criteres_Faibles,2,2000,B,3000,5.5,5s_180_DL,R90,0.18
Criteres_Faibles,2,2000,B,3000,6.0,5s_190_DL,R90,0.19
Criteres_Faibles,2,2000,B,3000,6.5,7ss_220_DL,R120,0.22
Criteres_Faibles,2,2000,B,3000,7.0,7ss_240_DL,R120,0.24
Criteres_Faibles,2,2000,C,4000,3.0,5s_110_DL,R60,0.11
Criteres_Faibles,2,2000,C,4000,3.5,5s_120_DL,R60,0.12
Criteres_Faibles,2,2000,C,4000,4.0,5s_140_DL,R60,0.14
Criteres_Faibles,2,2000,C,4000,4.5,5s_150_DL,R60,0.15
Criteres_Faibles,2,2000,C,4000,5.0,5s_170_DL,R90,0.17
Criteres_Faibles,2,2000,C,4000,5.5,5s_200_DL,R90,0.2
Criteres_Faibles,2,2000,C,4000,6.0,7ss_200_DL,R90,0.2
Criteres_Faibles,2,2000,C,4000,6.5,7ss_220_DL,R120,0.22
Criteres_Faibles,2,2000,C,4000,7.0,7ss_240_DL,R120,0.24
Criteres_Faibles,2,2000,C,5000,3.0,5s_110_DL,R30,0.11
Criteres_Faibles,2,2000,C,5000,3.5,5s_130_DL,R60,0.13
Criteres_Faibles,2,2000,C,5000,4.0,5s_140_DL,R60,0.14
Criteres_Faibles,2,2000,C,5000,4.5,5s_160_DL,R60,0.16
Criteres_Faibles,2,2000,C,5000,5.0,5s_180_DL,R90,0.18
Criteres_Faibles,2,2000,C,5000,5.5,7ss_200_DL,R90,0.2
Criteres_Faibles,2,2000,C,5000,6.0,7ss_220_DL,R120,0.22
Criteres_Faibles,2,2000,C,5000,6.5,7ss_220_DL,R90,0.22
Criteres_Faibles,2,2000,C,5000,7.0,7ss_240_DL,R120,0.24
Criteres_Faibles,2,2500,A,2000,3.0,5s_100_DL,R30,0.1
Criteres_Faibles,2,2500,A,2000,3.5,5s_110_DL,R60,0.11
Criteres_Faibles,2,2500,A,2000,4.0,5s_120_DL,R60,0.12
Criteres_Faibles,2,2500,A,2000,4.5,5s_140_DL,R60,0.14
Criteres_Faibles,2,2500,A,2000,5.0,5s_160_DL,R60,0.16
Criteres_Faibles,2,2500,A,2000,5.5,5s_180_DL,R90,0.18
Criteres_Faibles,2,2500,A,2000,6.0,5s_190_DL,R90,0.19
Criteres_Faibles,2,2500,A,2000,6.5,7ss_240_DL,R120,0.24
Criteres_Faibles,2,2500,A,2000,7.0,7ss_260_DL,R120,0.26
Criteres_Faibles,2,2500,B,3000,3.0,5s_100_DL,R30,0.1
Criteres_Faibles,2,2500,B,3000,3.5,5s_120_DL,R60,0.12
Criteres_Faibles,2,2500,B,3000,4.0,5s_130_DL,R60,0.13
Criteres_Faibles,2,2500,B,3000,4.5,5s_140_DL,R60,0.14
Criteres_Faibles,2,2500,B,3000,5.0,5s_160_DL,R60,0.16
Criteres_Faibles,2,2500,B,3000,5.5,5s_180_DL,R90,0.18
Criteres_Faibles,2,2500,B,3000,6.0,5s_200_DL,R90,0.2
Criteres_Faibles,2,2500,B,3000,6.5,7ss_240_DL,R120,0.24
Criteres_Faibles,2,2500,B,3000,7.0,7ss_260_DL,R120,0.26
Criteres_Faibles,2,2500,C,4000,3.0,5s_110_DL,R30,0.11
Criteres_Faibles,2,2500,C,4000,3.5,5s_120_DL,R60,0.12
Criteres_Faibles,2,2500,C,4000,4.0,5s_140_DL,R60,0.14
Criteres_Faibles,2,2500,C,4000,4.5,5s_160_DL,R60,0.16
Criteres_Faibles,2,2500,C,4000,5.0,5s_180_DL,R90,0.18
Criteres_Faibles,2,2500,C,4000,5.5,5s_200_DL,R90,0.2
Criteres_Faibles,2,2500,C,4000,6.0,7ss_200_DL,R90,0.2
Criteres_Faibles,2,2500,C,4000,6.5,7ss_240_DL,R120,0.24
Criteres_Faibles,2,2500,C,4000,7.0,7ss_260_DL,R120,0.26
Criteres_Faibles,2,2500,C,5000,3.0,5s_120_DL,R60,0.12
Criteres_Faibles,2,2500,C,5000,3.5,5s_130_DL,R60,0.13
Criteres_Faibles,2,2500,C,5000,4.0,5s_150_DL,R60,0.15
Criteres_Faibles,2,2500,C,5000,4.5,5s_160_DL,R60,0.16
Criteres_Faibles,2,2500,C,5000,5.0,5s_190_DL,R90,0.19
Criteres_Faibles,2,2500,C,5000,5.5,7ss_200_DL,R90,0.2
Criteres_Faibles,2,2500,C,5000,6.0,7ss_220_DL,R120,0.22
Criteres_Faibles,2,2500,C,5000,6.5,7ss_240_DL,R120,0.24
Criteres_Faibles,2,2500,C,5000,7.0,7ss_260_DL,R120,0.26
Criteres_Faibles,2,3000,A,2000,3.0,5s_100_DL,R30,0.1
Criteres_Faibles,2,3000,A,2000,3.5,5s_120_DL,R60,0.12
Criteres_Faibles,2,3000,A,2000,4.0,5s_130_DL,R60,0.13
Criteres_Faibles,2,3000,A,2000,4.5,5s_140_DL,R60,0.14
Criteres_Faibles,2,3000,A,2000,5.0,5s_170_DL,R90,0.17
Criteres_Faibles,2,3000,A,2000,5.5,5s_180_DL,R90,0.18
Criteres_Faibles,2,3000,A,2000,6.0,5s_200_DL,R90,0.2
Criteres_Faibles,2,3000,A,2000,6.5,7ss_240_DL,R120,0.24
Criteres_Faibles,2,3000,A,2000,7.0,7ss_260_DL,R120,0.26
Criteres_Faibles,2,3000,B,3000,3.0,5s_110_DL,R60,0.11
Criteres_Faibles,2,3000,B,3000,3.5,5s_120_DL,R60,0.12
Criteres_Faibles,2,3000,B,3000,4.0,5s_130_DL,R60,0.13
Criteres_Faibles,2,3000,B,3000,4.5,5s_150_DL,R60,0.15
Criteres_Faibles,2,3000,B,3000,5.0,5s_170_DL,R90,0.17
Criteres_Faibles,2,3000,B,3000,5.5,5s_190_DL,R90,0.19
Criteres_Faibles,2,3000,B,3000,6.0,7ss_200_DL,R90,0.2
Criteres_Faibles,2,3000,B,3000,6.5,7ss_240_DL,R120,0.24
Criteres_Faibles,2,3000,B,3000,7.0,7ss_260_DL,R120,0.26
Criteres_Faibles,2,3000,C,4000,3.0,5s_110_DL,R30,0.11
Criteres_Faibles,2,3000,C,4000,3.5,5s_130_DL,R60,0.13
Criteres_Faibles,2,3000,C,4000,4.0,5s_140_DL,R60,0.14
Criteres_Faibles,2,3000,C,4000,4.5,5s_160_DL,R60,0.16
Criteres_Faibles,2,3000,C,4000,5.0,5s_180_DL,R90,0.18
Criteres_Faibles,2,3000,C,4000,5.5,7ss_200_DL,R90,0.2
Criteres_Faibles,2,3000,C,4000,6.0,7ss_220_DL,R120,0.22
Criteres_Faibles,2,3000,C,4000,6.5,7ss_240_DL,R120,0.24
Criteres_Faibles,2,3000,C,4000,7.0,7ss_260_DL,R120,0.26
Criteres_Faibles,2,3000,C,5000,3.0,5s_120_DL,R60,0.12
Criteres_Faibles,2,3000,C,5000,3.5,5s_130_DL,R60,0.13
Criteres_Faibles,2,3000,C,5000,4.0,5s_150_DL,R60,0.15
Criteres_Faibles,2,3000,C,5000,4.5,5s_170_DL,R90,0.17
Criteres_Faibles,2,3000,C,5000,5.0,5s_200_DL,R90,0.2
Criteres_Faibles,2,3000,C,5000,5.5,7ss_200_DL,R90,0.2
Criteres_Faibles,2,3000,C,5000,6.0,7ss_220_DL,R90,0.22
Criteres_Faibles,2,3000,C,5000,6.5,7ss_240_DL,R120,0.24
Criteres_Faibles,2,3000,C,5000,7.0,7ss_260_DL,R120,0.26
Toiture,2,500,,500,3.0,3s_70_DL,R30,0.07
Toiture,2,500,,500,3.5,3s_70_DL,R30,0.07
Toiture,2,500,,500,4.0,3s_80_DL,R30,0.08
Toiture,2,500,,500,4.5,3s_80_DL,R30,0.08
Toiture,2,500,,500,5.0,3s_90_DL,R30,0.09
Toiture,2,500,,500,5.5,3s_100_DL,R30,0.1
Toiture,2,500,,500,6.0,3s_110_DL,R60,0.11
Toiture,2,500,,500,6.5,3s_120_DL,R60,0.12
Toiture,2,500,,500,7.0,5s_140_DL,R60,0.14
Toiture,2,500,,1000,3.0,3s_70_DL,R30,0.07
Toiture,2,500,,1000,3.5,3s_70_DL,R30,0.07
Toiture,2,500,,1000,4.0,3s_80_DL,R30,0.08
Toiture,2,500,,1000,4.5,3s_90_DL,R30,0.09
Toiture,2,500,,1000,5.0,3s_100_DL,R30,0.1
Toiture,2,500,,1000,5.5,3s_110_DL,R60,0.11
Toiture,2,500,,1000,6.0,5s_130_DL,R60,0.13
Toiture,2,500,,1000,6.5,5s_140_DL,R60,0.14
Toiture,2,500,,1000,7.0,5s_150_DL,R60,0.15
Toiture,2,500,,1500,3.0,3s_70_DL,R30,0.07
Toiture,2,500,,1500,3.5,3s_80_DL,R30,0.08
Toiture,2,500,,1500,4.0,3s_90_DL,R30,0.09
Toiture,2,500,,1500,4.5,3s_100_DL,R30,0.1
Toiture,2,500,,1500,5.0,3s_110_DL,R60,0.11
Toiture,2,500,,1500,5.5,3s_120_DL,R60,0.12
Toiture,2,500,,1500,6.0,5s_140_DL,R60,0.14
Toiture,2,500,,1500,6.5,5s_150_DL,R60,0.15
Toiture,2,500,,1500,7.0,5s_160_DL,R60,0.16
Toiture,2,500,,2000,3.0,3s_70_DL,R30,0.07
Toiture,2,500,,2000,3.5,3s_80_DL,R30,0.08
Toiture,2,500,,2000,4.0,3s_100_DL,R30,0.1
Toiture,2,500,,2000,4.5,3s_110_DL,R60,0.11
Toiture,2,500,,2000,5.0,3s_120_DL,R60,0.12
Toiture,2,500,,2000,5.5,5s_140_DL,R60,0.14
Toiture,2,500,,2000,6.0,5s_150_DL,R60,0.15
Toiture,2,500,,2000,6.5,5s_160_DL,R60,0.16
Toiture,2,500,,2000,7.0,5s_180_DL,R90,0.18
Toiture,2,500,,3000,3.0,3s_80_DL,R30,0.08
Toiture,2,500,,3000,3.5,3s_90_DL,R30,0.09
Toiture,2,500,,3000,4.0,3s_100_DL,R30,0.1
Toiture,2,500,,3000,4.5,3s_120_DL,R60,0.12
Toiture,2,500,,3000,5.0,5s_140_DL,R60,0.14
Toiture,2,500,,3000,5.5,5s_150_DL,R60,0.15
Toiture,2,500,,3000,6.0,5s_160_DL,R60,0.16
Toiture,2,500,,3000,6.5,5s_180_DL,R90,0.18
Toiture,2,500,,3000,7.0,5s_200_DL,R90,0.2
Toiture,2,500,,4000,3.0,3s_90_DL,R30,0.09
Toiture,2,500,,4000,3.5,3s_100_DL,R30,0.1
Toiture,2,500,,4000,4.0,3s_110_DL,R60,0.11
Toiture,2,500,,4000,4.5,5s_130_DL,R60,0.13
Toiture,2,500,,4000,5.0,5s_140_DL,R60,0.14
Toiture,2,500,,4000,5.5,5s_160_DL,R60,0.16
Toiture,2,500,,4000,6.0,5s_180_DL,R90,0.18
Toiture,2,500,,4000,6.5,5s_200_DL,R90,0.2
Toiture,2,500,,4000,7.0,7ss_200_DL,R120,0.2
Toiture,2,500,,5000,3.0,3s_90_DL,R30,0.09
Toiture,2,500,,5000,3.5,3s_110_DL,R60,0.11
Toiture,2,500,,5000,4.0,3s_120_DL,R60,0.12
Toiture,2,500,,5000,4.5,5s_140_DL,R60,0.14
Toiture,2,500,,5000,5.0,5s_150_DL,R60,0.15
Toiture,2,500,,5000,5.5,5s_170_DL,R90,0.17
Toiture,2,500,,5000,6.0,5s_190_DL,R90,0.19
Toiture,2,500,,5000,6.5,7ss_200_DL,R120,0.2
Toiture,2,500,,5000,7.0,7ss_200_DL,R120,0.2
Toiture,2,1000,,500,3.0,3s_70_DL,R30,0.07
Toiture,2,1000,,500,3.5,3s_80_DL,R30,0.08
Toiture,2,1000,,500,4.0,3s_90_DL,R30,0.09
Toiture,2,1000,,500,4.5,3s_100_DL,R30,0.1
Toiture,2,1000,,500,5.0,3s_110_DL,R60,0.11
Toiture,2,1000,,500,5.5,3s_120_DL,R60,0.12
Toiture,2,1000,,500,6.0,5s_130_DL,R60,0.13
Toiture,2,1000,,500,6.5,5s_140_DL,R60,0.14
Toiture,2,1000,,500,7.0,5s_150_DL,R60,0.15
Toiture,2,1000,,1000,3.0,3s_70_DL,R30,0.07
Toiture,2,1000,,1000,3.5,3s_80_DL,R30,0.08
Toiture,2,1000,,1000,4.0,3s_90_DL,R30,0.09
Toiture,2,1000,,1000,4.5,3s_100_DL,R30,0.1
Toiture,2,1000,,1000,5.0,3s_120_DL,R60,0.12
Toiture,2,1000,,1000,5.5,5s_130_DL,R60,0.13
Toiture,2,1000,,1000,6.0,5s_140_DL,R60,0.14
Toiture,2,1000,,1000,6.5,5s_150_DL,R60,0.15
Toiture,2,1000,,1000,7.0,5s_170_DL,R90,0.17
Toiture,2,1000,,1500,3.0,3s_80_DL,R30,0.08
Toiture,2,1000,,1500,3.5,3s_90_DL,R30,0.09
Toiture,2,1000,,1500,4.0,3s_100_DL,R30,0.1
Toiture,2,1000,,1500,4.5,3s_110_DL,R60,0.11
Toiture,2,1000,,1500,5.0,3s_120_DL,R60,0.12
Toiture,2,1000,,1500,5.5,5s_140_DL,R60,0.14
Toiture,2,1000,,1500,6.0,5s_150_DL,R60,0.15
Toiture,2,1000,,1500,6.5,5s_160_DL,R60,0.16
Toiture,2,1000,,1500,7.0,5s_180_DL,R90,0.18
Toiture,2,1000,,2000,3.0,3s_80_DL,R30,0.08
Toiture,2,1000,,2000,3.5,3s_90_DL,R30,0.09
Toiture,2,1000,,2000,4.0,3s_100_DL,R30,0.1
Toiture,2,1000,,2000,4.5,3s_120_DL,R60,0.12
Toiture,2,1000,,2000,5.0,5s_130_DL,R60,0.13
Toiture,2,1000,,2000,5.5,5s_140_DL,R60,0.14
Toiture,2,1000,,2000,6.0,5s_160_DL,R60,0.16
Toiture,2,1000,,2000,6.5,5s_170_DL,R90,0.17
Toiture,2,1000,,2000,7.0,5s_190_DL,R90,0.19
Toiture,2,1000,,3000,3.0,3s_80_DL,R30,0.08
Toiture,2,1000,,3000,3.5,3s_100_DL,R30,0.1
Toiture,2,1000,,3000,4.0,3s_110_DL,R60,0.11
Toiture,2,1000,,3000,4.5,5s_130_DL,R60,0.13
Toiture,2,1000,,3000,5.0,5s_140_DL,R60,0.14
Toiture,2,1000,,3000,5.5,5s_160_DL,R60,0.16
Toiture,2,1000,,3000,6.0,5s_170_DL,R90,0.17
Toiture,2,1000,,3000,6.5,5s_190_DL,R90,0.19
Toiture,2,1000,,3000,7.0,7ss_200_DL,R90,0.2
Toiture,2,1000,,4000,3.0,3s_90_DL,R30,0.09
Toiture,2,1000,,4000,3.5,3s_100_DL,R30,0.1
Toiture,2,1000,,4000,4.0,3s_120_DL,R60,0.12
Toiture,2,1000,,4000,4.5,5s_140_DL,R60,0.14
Toiture,2,1000,,4000,5.0,5s_150_DL,R60,0.15
Toiture,2,1000,,4000,5.5,5s_170_DL,R90,0.17
Toiture,2,1000,,4000,6.0,5s_190_DL,R90,0.19
Toiture,2,1000,,4000,6.5,7ss_200_DL,R120,0.2
Toiture,2,1000,,4000,7.0,7ss_220_DL,R120,0.22
Toiture,2,1000,,5000,3.0,3s_100_DL,R30,0.1
Toiture,2,1000,,5000,3.5,3s_110_DL,R60,0.11
Toiture,2,1000,,5000,4.0,3s_130_DL,R60,0.13
Toiture,2,1000,,5000,4.5,5s_140_DL,R60,0.14
Toiture,2,1000,,5000,5.0,5s_160_DL,R60,0.16
Toiture,2,1000,,5000,5.5,5s_180_DL,R90,0.18
Toiture,2,1000,,5000,6.0,5s_200_DL,R90,0.2
Toiture,2,1000,,5000,6.5,7ss_200_DL,R120,0.2
Toiture,2,1000,,5000,7.0,7ss_220_DL,R120,0.22
Toiture,2,1500,,500,3.0,3s_70_DL,R30,0.07
Toiture,2,1500,,500,3.5,3s_80_DL,R30,0.08
Toiture,2,1500,,500,4.0,3s_100_DL,R30,0.1
Toiture,2,1500,,500,4.5,3s_110_DL,R60,0.11
Toiture,2,1500,,500,5.0,3s_120_DL,R30,0.12
Toiture,2,1500,,500,5.5,5s_140_DL,R60,0.14
Toiture,2,1500,,500,6.0,5s_140_DL,R60,0.14
Toiture,2,1500,,500,6.5,5s_160_DL,R60,0.16
Toiture,2,1500,,500,7.0,5s_170_DL,R90,0.17
Toiture,2,1500,,1000,3.0,3s_80_DL,R30,0.08
Toiture,2,1500,,1000,3.5,3s_90_DL,R30,0.09
Toiture,2,1500,,1000,4.0,3s_100_DL,R30,0.1
Toiture,2,1500,,1000,4.5,3s_110_DL,R60,0.11
Toiture,2,1500,,1000,5.0,5s_130_DL,R60,0.13
Toiture,2,1500,,1000,5.5,5s_140_DL,R60,0.14
Toiture,2,1500,,1000,6.0,5s_150_DL,R60,0.15
Toiture,2,1500,,1000,6.5,5s_170_DL,R90,0.17
Toiture,2,1500,,1000,7.0,5s_180_DL,R90,0.18
Toiture,2,1500,,1500,3.0,3s_80_DL,R30,0.08
Toiture,2,1500,,1500,3.5,3s_90_DL,R30,0.09
Toiture,2,1500,,1500,4.0,3s_100_DL,R30,0.1
Toiture,2,1500,,1500,4.5,3s_120_DL,R60,0.12
Toiture,2,1500,,1500,5.0,5s_140_DL,R60,0.14
Toiture,2,1500,,1500,5.5,5s_150_DL,R60,0.15
Toiture,2,1500,,1500,6.0,5s_160_DL,R60,0.16
Toiture,2,1500,,1500,6.5,5s_180_DL,R90,0.18
Toiture,2,1500,,1500,7.0,5s_200_DL,R90,0.2
Toiture,2,1500,,2000,3.0,3s_80_DL,R30,0.08
Toiture,2,1500,,2000,3.5,3s_100_DL,R30,0.1
Toiture,2,1500,,2000,4.0,3s_110_DL,R60,0.11
Toiture,2,1500,,2000,4.5,3s_120_DL,R60,0.12
Toiture,2,1500,,2000,5.0,5s_140_DL,R60,0.14
Toiture,2,1500,,2000,5.5,5s_150_DL,R60,0.15
Toiture,2,1500,,2000,6.0,5s_170_DL,R90,0.17
Toiture,2,1500,,2000,6.5,5s_190_DL,R90,0.19
Toiture,2,1500,,2000,7.0,7ss_200_DL,R90,0.2
Toiture,2,1500,,3000,3.0,3s_90_DL,R30,0.09
Toiture,2,1500,,3000,3.5,3s_100_DL,R30,0.1
Toiture,2,1500,,3000,4.0,3s_120_DL,R60,0.12
Toiture,2,1500,,3000,4.5,5s_140_DL,R60,0.14
Toiture,2,1500,,3000,5.0,5s_150_DL,R60,0.15
Toiture,2,1500,,3000,5.5,5s_160_DL,R60,0.16
Toiture,2,1500,,3000,6.0,5s_180_DL,R90,0.18
Toiture,2,1500,,3000,6.5,5s_200_DL,R90,0.2
Toiture,2,1500,,3000,7.0,7ss_200_DL,R90,0.2
Toiture,2,1500,,4000,3.0,3s_100_DL,R30,0.1
Toiture,2,1500,,4000,3.5,3s_110_DL,R60,0.11
Toiture,2,1500,,4000,4.0,5s_130_DL,R60,0.13
Toiture,2,1500,,4000,4.5,5s_140_DL,R60,0.14
Toiture,2,1500,,4000,5.0,5s_160_DL,R60,0.16
Toiture,2,1500,,4000,5.5,5s_180_DL,R90,0.18
Toiture,2,1500,,4000,6.0,5s_200_DL,R90,0.2
Toiture,2,1500,,4000,6.5,7ss_200_DL,R90,0.2
Toiture,2,1500,,4000,7.0,7ss_220_DL,R120,0.22
Toiture,2,1500,,5000,3.0,3s_100_DL,R30,0.1
Toiture,2,1500,,5000,3.5,3s_110_DL,R60,0.11
Toiture,2,1500,,5000,4.0,5s_140_DL,R60,0.14
Toiture,2,1500,,5000,4.5,5s_150_DL,R60,0.15
Toiture,2,1500,,5000,5.0,5s_170_DL,R90,0.17
Toiture,2,1500,,5000,5.5,5s_190_DL,R90,0.19
Toiture,2,1500,,5000,6.0,7ss_200_DL,R120,0.2
Toiture,2,1500,,5000,6.5,7ss_220_DL,R120,0.22
Toiture,2,1500,,5000,7.0,7ss_240_DL,R120,0.24
Toiture,2,2000,,500,3.0,3s_80_DL,R30,0.08
Toiture,2,2000,,500,3.5,3s_90_DL,R30,0.09
Toiture,2,2000,,500,4.0,3s_100_DL,R30,0.1
Toiture,2,2000,,500,4.5,3s_110_DL,R60,0.11
Toiture,2,2000,,500,5.0,5s_130_DL,R60,0.13
Toiture,2,2000,,500,5.5,5s_140_DL,R60,0.14
Toiture,2,2000,,500,6.0,5s_160_DL,R60,0.16
Toiture,2,2000,,500,6.5,5s_170_DL,R90,0.17
Toiture,2,2000,,500,7.0,5s_190_DL,R90,0.19
Toiture,2,2000,,1000,3.0,3s_80_DL,R30,0.08
Toiture,2,2000,,1000,3.5,3s_90_DL,R30,0.09
Toiture,2,2000,,1000,4.0,3s_110_DL,R60,0.11
Toiture,2,2000,,1000,4.5,3s_120_DL,R30,0.12
Toiture,2,2000,,1000,5.0,5s_140_DL,R60,0.14
Toiture,2,2000,,1000,5.5,5s_150_DL,R60,0.15
Toiture,2,2000,,1000,6.0,5s_160_DL,R60,0.16
Toiture,2,2000,,1000,6.5,5s_180_DL,R90,0.18
Toiture,2,2000,,1000,7.0,5s_200_DL,R90,0.2
Toiture,2,2000,,1500,3.0,3s_80_DL,R30,0.08
Toiture,2,2000,,1500,3.5,3s_100_DL,R30,0.1
Toiture,2,2000,,1500,4.0,3s_110_DL,R60,0.11
Toiture,2,2000,,1500,4.5,5s_130_DL,R60,0.13
Toiture,2,2000,,1500,5.0,5s_140_DL,R60,0.14
Toiture,2,2000,,1500,5.5,5s_160_DL,R60,0.16
Toiture,2,2000,,1500,6.0,5s_170_DL,R90,0.17
Toiture,2,2000,,1500,6.5,5s_190_DL,R90,0.19
Toiture,2,2000,,1500,7.0,7ss_200_DL,R90,0.2
Toiture,2,2000,,2000,3.0,3s_90_DL,R30,0.09
Toiture,2,2000,,2000,3.5,3s_100_DL,R30,0.1
Toiture,2,2000,,2000,4.0,3s_120_DL,R60,0.12
Toiture,2,2000,,2000,4.5,5s_130_DL,R60,0.13
Toiture,2,2000,,2000,5.0,5s_150_DL,R60,0.15
Toiture,2,2000,,2000,5.5,5s_160_DL,R60,0.16
Toiture,2,2000,,2000,6.0,5s_180_DL,R90,0.18
Toiture,2,2000,,2000,6.5,5s_200_DL,R90,0.2
Toiture,2,2000,,2000,7.0,7ss_200_DL,R90,0.2
Toiture,2,2000,,3000,3.0,3s_90_DL,R30,0.09
Toiture,2,2000,,3000,3.5,3s_110_DL,R60,0.11
Toiture,2,2000,,3000,4.0,3s_120_DL,R60,0.12
Toiture,2,2000,,3000,4.5,5s_140_DL,R60,0.14
Toiture,2,2000,,3000,5.0,5s_160_DL,R60,0.16
Toiture,2,2000,,3000,5.5,5s_180_DL,R90,0.18
Toiture,2,2000,,3000,6.0,5s_200_DL,R90,0.2
Toiture,2,2000,,3000,6.5,7ss_200_DL,R90,0.2
Toiture,2,2000,,3000,7.0,7ss_220_DL,R120,0.22
Toiture,2,2000,,4000,3.0,3s_100_DL,R30,0.1
Toiture,2,2000,,4000,3.5,3s_110_DL,R60,0.11
Toiture,2,2000,,4000,4.0,5s_130_DL,R60,0.13
Toiture,2,2000,,4000,4.5,5s_150_DL,R60,0.15
Toiture,2,2000,,4000,5.0,5s_160_DL,R60,0.16
Toiture,2,2000,,4000,5.5,5s_190_DL,R90,0.19
Toiture,2,2000,,4000,6.0,7ss_200_DL,R90,0.2
Toiture,2,2000,,4000,6.5,7ss_220_DL,R120,0.22
Toiture,2,2000,,4000,7.0,7ss_220_DL,R120,0.22
Toiture,2,2000,,5000,3.0,3s_100_DL,R30,0.1
Toiture,2,2000,,5000,3.5,3s_120_DL,R60,0.12
Toiture,2,2000,,5000,4.0,5s_140_DL,R60,0.14
Toiture,2,2000,,5000,4.5,5s_150_DL,R60,0.15
Toiture,2,2000,,5000,5.0,5s_180_DL,R90,0.18
Toiture,2,2000,,5000,5.5,5s_200_DL,R90,0.2
Toiture,2,2000,,5000,6.0,7ss_200_DL,R90,0.2
Toiture,2,2000,,5000,6.5,7ss_220_DL,R120,0.22
Toiture,2,2000,,5000,7.0,7ss_240_DL,R120,0.24
Toiture,2,2500,,500,3.0,3s_80_DL,R30,0.08
Toiture,2,2500,,500,3.5,3s_100_DL,R30,0.1
Toiture,2,2500,,500,4.0,3s_110_DL,R60,0.11
Toiture,2,2500,,500,4.5,3s_120_DL,R30,0.12
Toiture,2,2500,,500,5.0,5s_140_DL,R60,0.14
Toiture,2,2500,,500,5.5,5s_150_DL,R60,0.15
Toiture,2,2500,,500,6.0,5s_170_DL,R90,0.17
Toiture,2,2500,,500,6.5,5s_180_DL,R90,0.18
Toiture,2,2500,,500,7.0,5s_200_DL,R90,0.2
Toiture,2,2500,,1000,3.0,3s_80_DL,R30,0.08
Toiture,2,2500,,1000,3.5,3s_100_DL,R30,0.1
Toiture,2,2500,,1000,4.0,3s_110_DL,R60,0.11
Toiture,2,2500,,1000,4.5,5s_130_DL,R60,0.13
Toiture,2,2500,,1000,5.0,5s_140_DL,R60,0.14
Toiture,2,2500,,1000,5.5,5s_160_DL,R60,0.16
Toiture,2,2500,,1000,6.0,5s_180_DL,R90,0.18
Toiture,2,2500,,1000,6.5,5s_200_DL,R90,0.2
Toiture,2,2500,,1000,7.0,7ss_200_DL,R90,0.2
Toiture,2,2500,,1500,3.0,3s_90_DL,R30,0.09
Toiture,2,2500,,1500,3.5,3s_100_DL,R30,0.1
Toiture,2,2500,,1500,4.0,3s_120_DL,R60,0.12
Toiture,2,2500,,1500,4.5,5s_140_DL,R60,0.14
Toiture,2,2500,,1500,5.0,5s_150_DL,R60,0.15
Toiture,2,2500,,1500,5.5,5s_160_DL,R60,0.16
Toiture,2,2500,,1500,6.0,5s_180_DL,R90,0.18
Toiture,2,2500,,1500,6.5,5s_200_DL,R90,0.2
Toiture,2,2500,,1500,7.0,7ss_200_DL,R90,0.2
Toiture,2,2500,,2000,3.0,3s_90_DL,R30,0.09
Toiture,2,2500,,2000,3.5,3s_100_DL,R30,0.1
Toiture,2,2500,,2000,4.0,3s_120_DL,R60,0.12
Toiture,2,2500,,2000,4.5,5s_140_DL,R60,0.14
Toiture,2,2500,,2000,5.0,5s_150_DL,R60,0.15
Toiture,2,2500,,2000,5.5,5s_170_DL,R90,0.17
Toiture,2,2500,,2000,6.0,5s_190_DL,R90,0.19
Toiture,2,2500,,2000,6.5,7ss_200_DL,R90,0.2
Toiture,2,2500,,2000,7.0,7ss_220_DL,R120,0.22
Toiture,2,2500,,3000,3.0,3s_100_DL,R30,0.1
Toiture,2,2500,,3000,3.5,3s_110_DL,R60,0.11
Toiture,2,2500,,3000,4.0,5s_130_DL,R60,0.13
Toiture,2,2500,,3000,4.5,5s_150_DL,R60,0.15
Toiture,2,2500,,3000,5.0,5s_160_DL,R60,0.16
Toiture,2,2500,,3000,5.5,5s_180_DL,R90,0.18
Toiture,2,2500,,3000,6.0,5s_200_DL,R90,0.2
Toiture,2,2500,,3000,6.5,7ss_220_DL,R120,0.22
Toiture,2,2500,,3000,7.0,7ss_220_DL,R120,0.22
Toiture,2,2500,,4000,3.0,3s_100_DL,R30,0.1
Toiture,2,2500,,4000,3.5,3s_120_DL,R60,0.12
Toiture,2,2500,,4000,4.0,5s_140_DL,R60,0.14
Toiture,2,2500,,4000,4.5,5s_150_DL,R60,0.15
Toiture,2,2500,,4000,5.0,5s_170_DL,R90,0.17
Toiture,2,2500,,4000,5.5,5s_200_DL,R90,0.2
Toiture,2,2500,,4000,6.0,7ss_200_DL,R90,0.2
Toiture,2,2500,,4000,6.5,7ss_220_DL,R120,0.22
Toiture,2,2500,,4000,7.0,7ss_240_DL,R120,0.24
Toiture,2,2500,,5000,3.0,3s_100_DL,R30,0.1
Toiture,2,2500,,5000,3.5,3s_120_DL,R60,0.12
Toiture,2,2500,,5000,4.0,5s_140_DL,R60,0.14
Toiture,2,2500,,5000,4.5,5s_160_DL,R60,0.16
Toiture,2,2500,,5000,5.0,5s_180_DL,R90,0.18
Toiture,2,2500,,5000,5.5,7ss_200_DL,R90,0.2
Toiture,2,2500,,5000,6.0,7ss_220_DL,R120,0.22
Toiture,2,2500,,5000,6.5,7ss_220_DL,R120,0.22
Toiture,2,2500,,5000,7.0,7ss_240_DL,R120,0.24
Toiture,1,500,,500,3.0,3s_70_DL,R30,0.07
Toiture,1,500,,500,3.5,3s_80_DL,R30,0.08
Toiture,1,500,,500,4.0,3s_90_DL,R30,0.09
Toiture,1,500,,500,4.5,3s_100_DL,R30,0.1
Toiture,1,500,,500,5.0,3s_110_DL,R30,0.11
Toiture,1,500,,500,5.5,5s_130_DL,R60,0.13
Toiture,1,500,,500,6.0,5s_140_DL,R60,0.14
Toiture,1,500,,500,6.5,5s_160_DL,R60,0.16
Toiture,1,500,,500,7.0,5s_170_DL,R90,0.17
Toiture,1,500,,1000,3.0,3s_80_DL,R30,0.08
Toiture,1,500,,1000,3.5,3s_90_DL,R30,0.09
Toiture,1,500,,1000,4.0,3s_100_DL,R30,0.1
Toiture,1,500,,1000,4.5,3s_110_DL,R30,0.11
Toiture,1,500,,1000,5.0,5s_130_DL,R60,0.13
Toiture,1,500,,1000,5.5,5s_140_DL,R60,0.14
Toiture,1,500,,1000,6.0,5s_150_DL,R60,0.15
Toiture,1,500,,1000,6.5,5s_170_DL,R90,0.17
Toiture,1,500,,1000,7.0,5s_190_DL,R90,0.19
Toiture,1,500,,1500,3.0,3s_80_DL,R30,0.08
Toiture,1,500,,1500,3.5,3s_90_DL,R30,0.09
Toiture,1,500,,1500,4.0,3s_110_DL,R30,0.11
Toiture,1,500,,1500,4.5,3s_120_DL,R30,0.12
Toiture,1,500,,1500,5.0,5s_140_DL,R60,0.14
Toiture,1,500,,1500,5.5,5s_150_DL,R60,0.15
Toiture,1,500,,1500,6.0,5s_170_DL,R90,0.17
Toiture,1,500,,1500,6.5,5s_180_DL,R90,0.18
Toiture,1,500,,1500,7.0,5s_200_DL,R90,0.2
Toiture,1,500,,2000,3.0,3s_80_DL,R30,0.08
Toiture,1,500,,2000,3.5,3s_100_DL,R30,0.1
Toiture,1,500,,2000,4.0,3s_110_DL,R30,0.11
Toiture,1,500,,2000,4.5,5s_130_DL,R60,0.13
Toiture,1,500,,2000,5.0,5s_140_DL,R60,0.14
Toiture,1,500,,2000,5.5,5s_160_DL,R60,0.16
Toiture,1,500,,2000,6.0,5s_180_DL,R90,0.18
Toiture,1,500,,2000,6.5,5s_200_DL,R90,0.2
Toiture,1,500,,2000,7.0,7ss_200_DL,R90,0.2
Toiture,1,500,,3000,3.0,3s_90_DL,R30,0.09
Toiture,1,500,,3000,3.5,3s_110_DL,R60,0.11
Toiture,1,500,,3000,4.0,3s_120_DL,R30,0.12
Toiture,1,500,,3000,4.5,5s_140_DL,R60,0.14
Toiture,1,500,,3000,5.0,5s_160_DL,R60,0.16
Toiture,1,500,,3000,5.5,5s_180_DL,R90,0.18
Toiture,1,500,,3000,6.0,5s_200_DL,R90,0.2
Toiture,1,500,,3000,6.5,7ss_200_DL,R90,0.2
Toiture,1,500,,3000,7.0,7ss_220_DL,R120,0.22
Toiture,1,500,,4000,3.0,3s_100_DL,R30,0.1
Toiture,1,500,,4000,3.5,3s_120_DL,R60,0.12
Toiture,1,500,,4000,4.0,5s_140_DL,R60,0.14
Toiture,1,500,,4000,4.5,5s_150_DL,R60,0.15
Toiture,1,500,,4000,5.0,5s_170_DL,R90,0.17
Toiture,1,500,,4000,5.5,5s_200_DL,R90,0.2
Toiture,1,500,,4000,6.0,7ss_200_DL,R90,0.2
Toiture,1,500,,4000,6.5,7ss_220_DL,R120,0.22
Toiture,1,500,,4000,7.0,7ss_240_DL,R120,0.24
Toiture,1,500,,5000,3.0,3s_100_DL,R30,0.1
Toiture,1,500,,5000,3.5,3s_120_DL,R60,0.12
Toiture,1,500,,5000,4.0,5s_140_DL,R60,0.14
Toiture,1,500,,5000,4.5,5s_160_DL,R60,0.16
Toiture,1,500,,5000,5.0,5s_180_DL,R90,0.18
Toiture,1,500,,5000,5.5,7ss_200_DL,R120,0.2
Toiture,1,500,,5000,6.0,7ss_220_DL,R120,0.22
Toiture,1,500,,5000,6.5,7ss_240_DL,R120,0.24
Toiture,1,500,,5000,7.0,7ss_260_DL,R120,0.26
Toiture,1,1000,,500,3.0,3s_80_DL,R30,0.08
Toiture,1,1000,,500,3.5,3s_90_DL,R30,0.09
Toiture,1,1000,,500,4.0,3s_1_00_DL,R30,0.001
Toiture,1,1000,,500,4.5,3s_120_DL,R30,0.12
Toiture,1,1000,,500,5.0,5s_140_DL,R60,0.14
Toiture,1,1000,,500,5.5,5s_150_DL,R60,0.15
Toiture,1,1000,,500,6.0,5s_160_DL,R60,0.16
Toiture,1,1000,,500,6.5,5s_1_80_DL,R90,0.001
Toiture,1,1000,,500,7.0,5s_200_DL,R90,0.2
Toiture,1,1000,,1000,3.0,3s_80_DL,R30,0.08
Toiture,1,1000,,1000,3.5,3s_100_DL,R30,0.1
Toiture,1,1000,,1000,4.0,3s_110_DL,R30,0.11
Toiture,1,1000,,1000,4.5,5s_130_DL,R60,0.13
Toiture,1,1000,,1000,5.0,5s_140_DL,R60,0.14
Toiture,1,1000,,1000,5.5,5s_160_DL,R60,0.16
Toiture,1,1000,,1000,6.0,5s_180_DL,R90,0.18
Toiture,1,1000,,1000,6.5,5s_200_DL,R90,0.2
Toiture,1,1000,,1000,7.0,7ss_200_DL,R90,0.2
Toiture,1,1000,,1500,3.0,3s_90_DL,R30,0.09
Toiture,1,1000,,1500,3.5,3s_100_DL,R30,0.1
Toiture,1,1000,,1500,4.0,3s_120_DL,R30,0.12
Toiture,1,1000,,1500,4.5,5s_140_DL,R60,0.14
Toiture,1,1000,,1500,5.0,5s_150_DL,R60,0.15
Toiture,1,1000,,1500,5.5,5s_170_DL,R90,0.17
Toiture,1,1000,,1500,6.0,5s_190_DL,R90,0.19
Toiture,1,1000,,1500,6.5,7ss_200_DL,R90,0.2
Toiture,1,1000,,1500,7.0,7ss_220_DL,R120,0.22
Toiture,1,1000,,2000,3.0,3s_90_DL,R30,0.09
Toiture,1,1000,,2000,3.5,3s_110_DL,R30,0.11
Toiture,1,1000,,2000,4.0,3s_120_DL,R30,0.12
Toiture,1,1000,,2000,4.5,5s_140_DL,R60,0.14
Toiture,1,1000,,2000,5.0,5s_160_DL,R60,0.16
Toiture,1,1000,,2000,5.5,5s_180_DL,R90,0.18
Toiture,1,1000,,2000,6.0,5s_200_DL,R90,0.2
Toiture,1,1000,,2000,6.5,7ss_200_DL,R90,0.2
Toiture,1,1000,,2000,7.0,7ss_220_DL,R120,0.22
Toiture,1,1000,,3000,3.0,3s_100_DL,R30,0.1
Toiture,1,1000,,3000,3.5,3s_120_DL,R30,0.12
Toiture,1,1000,,3000,4.0,5s_140_DL,R60,0.14
Toiture,1,1000,,3000,4.5,5s_150_DL,R60,0.15
Toiture,1,1000,,3000,5.0,5s_170_DL,R90,0.17
Toiture,1,1000,,3000,5.5,5s_190_DL,R90,0.19
Toiture,1,1000,,3000,6.0,7ss_200_DL,R90,0.2
Toiture,1,1000,,3000,6.5,7ss_220_DL,R120,0.22
Toiture,1,1000,,3000,7.0,7ss_240_DL,R120,0.24
Toiture,1,1000,,4000,3.0,3s_100_DL,R30,0.1
Toiture,1,1000,,4000,3.5,3s_120_DL,R30,0.12
Toiture,1,1000,,4000,4.0,5s_140_DL,R60,0.14
Toiture,1,1000,,4000,4.5,5s_160_DL,R60,0.16
Toiture,1,1000,,4000,5.0,5s_180_DL,R90,0.18
Toiture,1,1000,,4000,5.5,7ss_200_DL,R90,0.2
Toiture,1,1000,,4000,6.0,7ss_220_DL,R120,0.22
Toiture,1,1000,,4000,6.5,7ss_240_DL,R120,0.24
Toiture,1,1000,,4000,7.0,7ss_240_DL,R120,0.24
Toiture,1,1000,,5000,3.0,3s_110_DL,R60,0.11
Toiture,1,1000,,5000,3.5,5s_130_DL,R60,0.13
Toiture,1,1000,,5000,4.0,5s_150_DL,R60,0.15
Toiture,1,1000,,5000,4.5,5s_170_DL,R90,0.17
Toiture,1,1000,,5000,5.0,5s_200_DL,R90,0.2
Toiture,1,1000,,5000,5.5,7ss_200_DL,R90,0.2
Toiture,1,1000,,5000,6.0,7ss_220_DL,R120,0.22
Toiture,1,1000,,5000,6.5,7ss_240_DL,R120,0.24
Toiture,1,1000,,5000,7.0,7ss_260_DL,R120,0.26
Toiture,1,1500,,500,3.0,3s_90_DL,R30,0.09
Toiture,1,1500,,500,3.5,3s_100_DL,R30,0.1
Toiture,1,1500,,500,4.0,3s_120_DL,R30,0.12
Toiture,1,1500,,500,4.5,5s_140_DL,R60,0.14
Toiture,1,1500,,500,5.0,5s_150_DL,R60,0.15
Toiture,1,1500,,500,5.5,5s_160_DL,R60,0.16
Toiture,1,1500,,500,6.0,5s_180_DL,R90,0.18
Toiture,1,1500,,500,6.5,5s_200_DL,R90,0.2
Toiture,1,1500,,500,7.0,7ss_220_DL,R120,0.22
Toiture,1,1500,,1000,3.0,3s_90_DL,R30,0.09
Toiture,1,1500,,1000,3.5,3s_100_DL,R30,0.1
Toiture,1,1500,,1000,4.0,3s_120_DL,R30,0.12
Toiture,1,1500,,1000,4.5,5s_140_DL,R60,0.14
Toiture,1,1500,,1000,5.0,5s_150_DL,R60,0.15
Toiture,1,1500,,1000,5.5,5s_170_DL,R90,0.17
Toiture,1,1500,,1000,6.0,5s_200_DL,R90,0.2
Toiture,1,1500,,1000,6.5,7ss_200_DL,R90,0.2
Toiture,1,1500,,1000,7.0,7ss_220_DL,R120,0.22
Toiture,1,1500,,1500,3.0,3s_100_DL,R30,0.1
Toiture,1,1500,,1500,3.5,3s_110_DL,R30,0.11
Toiture,1,1500,,1500,4.0,5s_130_DL,R60,0.13
Toiture,1,1500,,1500,4.5,5s_140_DL,R60,0.14
Toiture,1,1500,,1500,5.0,5s_160_DL,R60,0.16
Toiture,1,1500,,1500,5.5,5s_180_DL,R90,0.18
Toiture,1,1500,,1500,6.0,5s_200_DL,R90,0.2
Toiture,1,1500,,1500,6.5,7ss_220_DL,R120,0.22
Toiture,1,1500,,1500,7.0,7ss_220_DL,R120,0.22
Toiture,1,1500,,2000,3.0,3s_100_DL,R30,0.1
Toiture,1,1500,,2000,3.5,3s_110_DL,R30,0.11
Toiture,1,1500,,2000,4.0,5s_140_DL,R60,0.14
Toiture,1,1500,,2000,4.5,5s_150_DL,R60,0.15
Toiture,1,1500,,2000,5.0,5s_170_DL,R90,0.17
Toiture,1,1500,,2000,5.5,5s_190_DL,R90,0.19
Toiture,1,1500,,2000,6.0,7ss_200_DL,R90,0.2
Toiture,1,1500,,2000,6.5,7ss_220_DL,R120,0.22
Toiture,1,1500,,2000,7.0,7ss_240_DL,R120,0.24
Toiture,1,1500,,3000,3.0,3s_100_DL,R30,0.1
Toiture,1,1500,,3000,3.5,3s_120_DL,R30,0.12
Toiture,1,1500,,3000,4.0,5s_140_DL,R60,0.14
Toiture,1,1500,,3000,4.5,5s_160_DL,R60,0.16
Toiture,1,1500,,3000,5.0,5s_180_DL,R90,0.18
Toiture,1,1500,,3000,5.5,7ss_200_DL,R90,0.2
Toiture,1,1500,,3000,6.0,7ss_220_DL,R120,0.22
Toiture,1,1500,,3000,6.5,7ss_220_DL,R120,0.22
Toiture,1,1500,,3000,7.0,7ss_240_DL,R120,0.24
Toiture,1,1500,,4000,3.0,3s_110_DL,R30,0.11
Toiture,1,1500,,4000,3.5,5s_130_DL,R60,0.13
Toiture,1,1500,,4000,4.0,5s_150_DL,R60,0.15
Toiture,1,1500,,4000,4.5,5s_170_DL,R90,0.17
Toiture,1,1500,,4000,5.0,5s_200_DL,R90,0.2
Toiture,1,1500,,4000,5.5,7ss_200_DL,R90,0.2
Toiture,1,1500,,4000,6.0,7ss_220_DL,R120,0.22
Toiture,1,1500,,4000,6.5,7ss_240_DL,R120,0.24
Toiture,1,1500,,4000,7.0,7ss_260_DL,R120,0.26
Toiture,1,1500,,5000,3.0,3s_120_DL,R60,0.12
Toiture,1,1500,,5000,3.5,5s_140_DL,R60,0.14
Toiture,1,1500,,5000,4.0,5s_160_DL,R60,0.16
Toiture,1,1500,,5000,4.5,5s_180_DL,R90,0.18
Toiture,1,1500,,5000,5.0,7ss_200_DL,R90,0.2
Toiture,1,1500,,5000,5.5,7ss_220_DL,R120,0.22
Toiture,1,1500,,5000,6.0,7ss_240_DL,R120,0.24
Toiture,1,1500,,5000,6.5,7ss_260_DL,R120,0.26
Toiture,1,1500,,5000,7.0,7ss_280_DL,R120,0.28
Toiture,1,2000,,500,3.0,3s_100_DL,R30,0.1
Toiture,1,2000,,500,3.5,3s_110_DL,R30,0.11
Toiture,1,2000,,500,4.0,5s_130_DL,R60,0.13
Toiture,1,2000,,500,4.5,5s_140_DL,R60,0.14
Toiture,1,2000,,500,5.0,5s_160_DL,R60,0.16
Toiture,1,2000,,500,5.5,5s_180_DL,R90,0.18
Toiture,1,2000,,500,6.0,5s_200_DL,R90,0.2
Toiture,1,2000,,500,6.5,7ss_220_DL,R120,0.22
Toiture,1,2000,,500,7.0,7ss_220_DL,R90,0.22
Toiture,1,2000,,1000,3.0,3s_100_DL,R30,0.1
Toiture,1,2000,,1000,3.5,3s_110_DL,R30,0.11
Toiture,1,2000,,1000,4.0,5s_130_DL,R60,0.13
Toiture,1,2000,,1000,4.5,5s_150_DL,R60,0.15
Toiture,1,2000,,1000,5.0,5s_170_DL,R90,0.17
Toiture,1,2000,,1000,5.5,5s_190_DL,R90,0.19
Toiture,1,2000,,1000,6.0,7ss_200_DL,R90,0.2
Toiture,1,2000,,1000,6.5,7ss_220_DL,R120,0.22
Toiture,1,2000,,1000,7.0,7ss_240_DL,R120,0.24
Toiture,1,2000,,1500,3.0,3s_100_DL,R30,0.1
Toiture,1,2000,,1500,3.5,3s_120_DL,R30,0.12
Toiture,1,2000,,1500,4.0,5s_140_DL,R60,0.14
Toiture,1,2000,,1500,4.5,5s_150_DL,R60,0.15
Toiture,1,2000,,1500,5.0,5s_180_DL,R90,0.18
Toiture,1,2000,,1500,5.5,5s_200_DL,R90,0.2
Toiture,1,2000,,1500,6.0,7ss_200_DL,R90,0.2
Toiture,1,2000,,1500,6.5,7ss_220_DL,R120,0.22
Toiture,1,2000,,1500,7.0,7ss_240_DL,R120,0.24
Toiture,1,2000,,2000,3.0,3s_100_DL,R30,0.1
Toiture,1,2000,,2000,3.5,3s_120_DL,R30,0.12
Toiture,1,2000,,2000,4.0,5s_140_DL,R60,0.14
Toiture,1,2000,,2000,4.5,5s_160_DL,R60,0.16
Toiture,1,2000,,2000,5.0,5s_180_DL,R90,0.18
Toiture,1,2000,,2000,5.5,5s_200_DL,R90,0.2
Toiture,1,2000,,2000,6.0,7ss_220_DL,R120,0.22
Toiture,1,2000,,2000,6.5,7ss_220_DL,R120,0.22
Toiture,1,2000,,2000,7.0,7ss_240_DL,R120,0.24
Toiture,1,2000,,3000,3.0,3s_110_DL,R30,0.11
Toiture,1,2000,,3000,3.5,5s_130_DL,R60,0.13
Toiture,1,2000,,3000,4.0,5s_150_DL,R60,0.15
Toiture,1,2000,,3000,4.5,5s_170_DL,R90,0.17
Toiture,1,2000,,3000,5.0,5s_200_DL,R90,0.2
Toiture,1,2000,,3000,5.5,7ss_200_DL,R90,0.2
Toiture,1,2000,,3000,6.0,7ss_220_DL,R120,0.22
Toiture,1,2000,,3000,6.5,7ss_240_DL,R120,0.24
Toiture,1,2000,,3000,7.0,7ss_260_DL,R120,0.26
Toiture,1,2000,,4000,3.0,3s_120_DL,R30,0.12
Toiture,1,2000,,4000,3.5,5s_140_DL,R60,0.14
Toiture,1,2000,,4000,4.0,5s_160_DL,R60,0.16
Toiture,1,2000,,4000,4.5,5s_180_DL,R90,0.18
Toiture,1,2000,,4000,5.0,7ss_200_DL,R90,0.2
Toiture,1,2000,,4000,5.5,7ss_220_DL,R120,0.22
Toiture,1,2000,,4000,6.0,7ss_240_DL,R120,0.24
Toiture,1,2000,,4000,6.5,7ss_260_DL,R120,0.26
Toiture,1,2000,,4000,7.0,7ss_280_DL,R120,0.28
Toiture,1,2000,,5000,3.0,3s_120_DL,R30,0.12
Toiture,1,2000,,5000,3.5,5s_140_DL,R60,0.14
Toiture,1,2000,,5000,4.0,5s_160_DL,R60,0.16
Toiture,1,2000,,5000,4.5,5s_190_DL,R90,0.19
Toiture,1,2000,,5000,5.0,7ss_200_DL,R90,0.2
Toiture,1,2000,,5000,5.5,7ss_220_DL,R120,0.22
Toiture,1,2000,,5000,6.0,7ss_240_DL,R120,0.24
Toiture,1,2000,,5000,6.5,7ss_260_DL,R120,0.26
Toiture,1,2000,,5000,7.0,7ss_280_DL,R120,0.28
Toiture,1,2500,,500,3.0,3s_100_DL,R30,0.1
Toiture,1,2500,,500,3.5,3s_120_DL,R30,0.12
Toiture,1,2500,,500,4.0,5s_140_DL,R60,0.14
Toiture,1,2500,,500,4.5,5s_150_DL,R60,0.15
Toiture,1,2500,,500,5.0,5s_170_DL,R90,0.17
Toiture,1,2500,,500,5.5,5s_200_DL,R90,0.2
Toiture,1,2500,,500,6.0,7ss_200_DL,R90,0.2
Toiture,1,2500,,500,6.5,7ss_220_DL,R90,0.22
Toiture,1,2500,,500,7.0,7ss_240_DL,R120,0.24
Toiture,1,2500,,1000,3.0,3s_100_DL,R30,0.1
Toiture,1,2500,,1000,3.5,3s_120_DL,R30,0.12
Toiture,1,2500,,1000,4.0,5s_140_DL,R60,0.14
Toiture,1,2500,,1000,4.5,5s_160_DL,R60,0.16
Toiture,1,2500,,1000,5.0,5s_180_DL,R90,0.18
Toiture,1,2500,,1000,5.5,5s_200_DL,R90,0.2
Toiture,1,2500,,1000,6.0,7ss_220_DL,R120,0.22
Toiture,1,2500,,1000,6.5,7ss_220_DL,R90,0.22
Toiture,1,2500,,1000,7.0,7ss_240_DL,R120,0.24
Toiture,1,2500,,1500,3.0,3s_110_DL,R30,0.11
Toiture,1,2500,,1500,3.5,5s_130_DL,R60,0.13
Toiture,1,2500,,1500,4.0,5s_140_DL,R60,0.14
Toiture,1,2500,,1500,4.5,5s_160_DL,R60,0.16
Toiture,1,2500,,1500,5.0,5s_190_DL,R90,0.19
Toiture,1,2500,,1500,5.5,7ss_200_DL,R90,0.2
Toiture,1,2500,,1500,6.0,7ss_220_DL,R120,0.22
Toiture,1,2500,,1500,6.5,7ss_240_DL,R120,0.24
Toiture,1,2500,,1500,7.0,7ss_260_DL,R120,0.26
Toiture,1,2500,,2000,3.0,3s_110_DL,R30,0.11
Toiture,1,2500,,2000,3.5,5s_130_DL,R60,0.13
Toiture,1,2500,,2000,4.0,5s_150_DL,R60,0.15
Toiture,1,2500,,2000,4.5,5s_170_DL,R90,0.17
Toiture,1,2500,,2000,5.0,5s_190_DL,R90,0.19
Toiture,1,2500,,2000,5.5,7ss_200_DL,R90,0.2
Toiture,1,2500,,2000,6.0,7ss_220_DL,R120,0.22
Toiture,1,2500,,2000,6.5,7ss_240_DL,R120,0.24
Toiture,1,2500,,2000,7.0,7ss_260_DL,R120,0.26
Toiture,1,2500,,3000,3.0,3s_110_DL,R30,0.11
Toiture,1,2500,,3000,3.5,5s_140_DL,R60,0.14
Toiture,1,2500,,3000,4.0,5s_150_DL,R60,0.15
Toiture,1,2500,,3000,4.5,5s_180_DL,R90,0.18
Toiture,1,2500,,3000,5.0,5s_200_DL,R90,0.2
Toiture,1,2500,,3000,5.5,7ss_220_DL,R120,0.22
Toiture,1,2500,,3000,6.0,7ss_240_DL,R120,0.24
Toiture,1,2500,,3000,6.5,7ss_240_DL,R120,0.24
Toiture,1,2500,,3000,7.0,7ss_280_DL,R120,0.28
Toiture,1,2500,,4000,3.0,3s_120_DL,R30,0.12
Toiture,1,2500,,4000,3.5,5s_140_DL,R60,0.14
Toiture,1,2500,,4000,4.0,5s_160_DL,R60,0.16
Toiture,1,2500,,4000,4.5,5s_190_DL,R90,0.19
Toiture,1,2500,,4000,5.0,7ss_200_DL,R90,0.2
Toiture,1,2500,,4000,5.5,7ss_220_DL,R120,0.22
Toiture,1,2500,,4000,6.0,7ss_240_DL,R120,0.24
Toiture,1,2500,,4000,6.5,7ss_260_DL,R120,0.26
Toiture,1,2500,,4000,7.0,7ss_280_DL,R120,0.28
Toiture,1,2500,,5000,,,,
